,Shot,TS_TRIG,Energy,Fuel,Notes,V_osc,V_amps12,V_amp3,poly2_2,poly2_3,poly3_1,poly3_2,poly3_3,poly3_4,poly3_5,poly4_1,poly4_2,poly4_3,poly4_4,poly4_5,poly5_1,poly5_2,poly5_3,poly5_4,poly5_5
0,181008002,1.8,,V,"osc. only test, 5% banks. Scopes not triggered.",1650.0,0.0,0.0,1.0,1.0,1.0,1.0,1.0,1.0,1.0,1.0,1.0,1.0,1.0,1.0,0.0,0.0,0.0,0.0,0.0
1,181008003,1.8,,V,"Amp. 1&2 test, 10% banks",1650.0,2000.0,0.0,1.0,1.0,1.0,1.0,1.0,1.0,1.0,1.0,1.0,1.0,1.0,1.0,0.0,0.0,0.0,0.0,0.0
2,181008004,1.8,,V,"Amp. 1&2&3 test, 20% banks",1650.0,2300.0,2100.0,1.0,1.0,1.0,1.0,1.0,1.0,1.0,1.0,1.0,1.0,1.0,1.0,0.0,0.0,0.0,0.0,0.0
3,181008005,1.8,,V,"Amp. 1&2&3 test, 20% banks",1650.0,2300.0,2100.0,1.0,1.0,1.0,1.0,1.0,1.0,1.0,1.0,1.0,1.0,1.0,1.0,0.0,0.0,0.0,0.0,0.0
4,181009004,1.8,,V,"20% banks, trigger timing test.",1650.0,2300.0,2100.0,1.0,1.0,1.0,1.0,1.0,1.0,1.0,1.0,1.0,1.0,1.0,1.0,0.0,0.0,0.0,0.0,0.0
5,181009005,1.8,,V,"20% banks, trigger timing test. Laser wasn't triggered.",1650.0,2300.0,2100.0,1.0,1.0,1.0,1.0,1.0,1.0,1.0,1.0,1.0,1.0,1.0,1.0,0.0,0.0,0.0,0.0,0.0
6,181009006,1.8,,V,"20% banks, trigger timing test. Laser trigger wasn't hooked up.",1650.0,2300.0,2100.0,1.0,1.0,1.0,1.0,1.0,1.0,1.0,1.0,1.0,1.0,1.0,1.0,0.0,0.0,0.0,0.0,0.0
7,181009007,1.8,,V,"20% banks, trigger timing test. Laser wasn't triggered (bypassed pulse generator).",1650.0,2300.0,2100.0,1.0,1.0,1.0,1.0,1.0,1.0,1.0,1.0,1.0,1.0,1.0,1.0,0.0,0.0,0.0,0.0,0.0
8,181009008,1.8,,V,"20% banks, trigger timing test. Laser was triggered, scopes were not (bad BNC?).",1650.0,2300.0,2100.0,1.0,1.0,1.0,1.0,1.0,1.0,1.0,1.0,1.0,1.0,1.0,1.0,0.0,0.0,0.0,0.0,0.0
9,181009009,1.8,,V,"20% banks, trigger timing test. Laser was triggered, along with one scope (noise trigger).",1650.0,2300.0,2100.0,1.0,1.0,1.0,1.0,1.0,1.0,1.0,1.0,1.0,1.0,1.0,1.0,0.0,0.0,0.0,0.0,0.0
10,181009010,1.8,,V,"20% banks, trigger timing test. Scope trigger BNCs connected to ""P CELL TRIG."" No dice.",1650.0,2300.0,2100.0,1.0,1.0,1.0,1.0,1.0,1.0,1.0,1.0,1.0,1.0,1.0,1.0,0.0,0.0,0.0,0.0,0.0
11,181009011,1.8,,V,"20% banks, trigger timing test. Scope trigger BNCs connected to ""OSC SYNC.""",1650.0,2300.0,2100.0,1.0,1.0,1.0,1.0,1.0,1.0,1.0,1.0,1.0,1.0,1.0,1.0,0.0,0.0,0.0,0.0,0.0
12,181009012,1.8,,V,"20% banks, trigger timing test. Scope trigger BNCs conneced to ""P CELL SYNC."" nope.",1650.0,2400.0,2100.0,1.0,1.0,1.0,1.0,1.0,1.0,1.0,1.0,1.0,1.0,1.0,1.0,0.0,0.0,0.0,0.0,0.0
13,181009013,1.8,,V,"repeat, triggering scope 3 with ruby photodiode? no response.",1650.0,2400.0,2100.0,1.0,1.0,1.0,1.0,1.0,1.0,1.0,1.0,1.0,1.0,1.0,1.0,0.0,0.0,0.0,0.0,0.0
14,181009014,1.8,,V,ruby laser not active (no key).,1650.0,2400.0,2100.0,1.0,1.0,1.0,1.0,1.0,1.0,1.0,1.0,1.0,1.0,1.0,1.0,0.0,0.0,0.0,0.0,0.0
15,181009015,1.8,,He,plasma. lowered scope trigger level. nope.,1650.0,2400.0,2100.0,1.0,1.0,1.0,1.0,1.0,1.0,1.0,1.0,1.0,1.0,1.0,1.0,0.0,0.0,0.0,0.0,0.0
16,181009016,1.8,,He,"plasma shot, added scope trigger from 4222 channel 2. ",1650.0,2400.0,2100.0,1.0,1.0,1.0,1.0,1.0,1.0,1.0,1.0,1.0,1.0,1.0,1.0,0.0,0.0,0.0,0.0,0.0
17,181009017,1.8,,He,"plasma shot, added scope trigger from 4222 channel 2. ",1650.0,2400.0,2100.0,1.0,1.0,1.0,1.0,1.0,1.0,1.0,1.0,1.0,1.0,1.0,1.0,0.0,0.0,0.0,0.0,0.0
18,181009018,1.8,,He,"plasma shot, digitizing trigger, osc sync., and ""CRO EN MON"" to dial in timing.",1650.0,2400.0,2100.0,1.0,1.0,1.0,1.0,1.0,1.0,1.0,1.0,1.0,1.0,1.0,1.0,0.0,0.0,0.0,0.0,0.0
19,181009019,1.8,,He,"plasma shot, digitizing trigger, osc sync., and ""CRO EN MON"" to dial in timing.",1650.0,2400.0,2100.0,1.0,1.0,1.0,1.0,1.0,1.0,1.0,1.0,1.0,1.0,1.0,1.0,0.0,0.0,0.0,0.0,0.0
20,181010007,1.8,,He,plasma. Triggering one scope off of poly 2 channel 3. Ruby mon. not on.,1650.0,2300.0,2100.0,1.0,1.0,1.0,1.0,1.0,1.0,1.0,1.0,1.0,1.0,1.0,1.0,0.0,0.0,0.0,0.0,0.0
21,181010008,1.8,,He,plasma. Triggering all scopes off of poly 2 channel 3. So much noise on poly 3 scope.,1650.0,2300.0,2100.0,1.0,1.0,1.0,1.0,1.0,1.0,1.0,1.0,1.0,1.0,1.0,1.0,0.0,0.0,0.0,0.0,0.0
22,181010009,1.8,,He,plasma. Triggering 3 scopes off of poly 2 channel 3. So much noise on poly 3 scope.,1650.0,2400.0,2100.0,1.0,1.0,1.0,1.0,1.0,1.0,1.0,1.0,1.0,1.0,1.0,1.0,0.0,0.0,0.0,0.0,0.0
23,181010010,1.8,,He,plasma. Triggering 3 scopes off of poly 2 channel 2. nothing?,1650.0,2400.0,2100.0,1.0,1.0,1.0,1.0,1.0,1.0,1.0,1.0,1.0,1.0,1.0,1.0,0.0,0.0,0.0,0.0,0.0
24,181010011,1.8,,He,"plasma. Triggering scopes off of 4222 channel 2 again, delay 13 us.",1650.0,2400.0,2100.0,1.0,1.0,1.0,1.0,1.0,1.0,1.0,1.0,1.0,1.0,1.0,1.0,0.0,0.0,0.0,0.0,0.0
25,181010012,1.8,,He,"plasma. Triggering scopes off of 4222 channel 2 again, delay 13.5 us.",1650.0,2400.0,2100.0,1.0,1.0,1.0,1.0,1.0,1.0,1.0,1.0,1.0,1.0,1.0,1.0,0.0,0.0,0.0,0.0,0.0
26,181010013,1.8,,He,Pockel cell had been turned off. On now.,1650.0,2200.0,2100.0,1.0,1.0,1.0,1.0,1.0,1.0,1.0,1.0,1.0,1.0,1.0,1.0,0.0,0.0,0.0,0.0,0.0
27,181010014,1.8,,He,tweaking scopes.,1650.0,2300.0,2000.0,1.0,1.0,1.0,1.0,1.0,1.0,1.0,1.0,1.0,1.0,1.0,1.0,0.0,0.0,0.0,0.0,0.0
28,181010015,1.8,,He,TS_PRETRIG to -1.35 ms.,1650.0,2300.0,2000.0,1.0,1.0,1.0,1.0,1.0,1.0,1.0,1.0,1.0,1.0,1.0,1.0,0.0,0.0,0.0,0.0,0.0
29,181010016,2.0,,He,TS_TRIG to 2ms (decay),1650.0,2300.0,2000.0,1.0,1.0,1.0,1.0,1.0,1.0,1.0,1.0,1.0,1.0,1.0,1.0,0.0,0.0,0.0,0.0,0.0
30,181010017,2.0,,He,"Power test, energy monitor at laser box exit: 3.26 J",1650.0,2300.0,2000.0,1.0,1.0,1.0,1.0,1.0,1.0,1.0,1.0,1.0,1.0,1.0,1.0,0.0,0.0,0.0,0.0,0.0
31,181010018,2.0,,He,"Power test, energy monitor at laser box exit: 3.38 J",1650.0,2300.0,2000.0,1.0,1.0,1.0,1.0,1.0,1.0,1.0,1.0,1.0,1.0,1.0,1.0,0.0,0.0,0.0,0.0,0.0
32,181010019,2.0,,He,test burn at chimney outlet collar,1650.0,2300.0,2000.0,1.0,1.0,1.0,1.0,1.0,1.0,1.0,1.0,1.0,1.0,1.0,1.0,0.0,0.0,0.0,0.0,0.0
33,181010020,2.0,,He,Power test with old energy monitor - didn't trigger,1650.0,2300.0,2000.0,1.0,1.0,1.0,1.0,1.0,1.0,1.0,1.0,1.0,1.0,1.0,1.0,0.0,0.0,0.0,0.0,0.0
34,181010021,2.0,,He,"Power test with old energy monitor - laser key wasn't in, will retry.",1650.0,2300.0,2000.0,1.0,1.0,1.0,1.0,1.0,1.0,1.0,1.0,1.0,1.0,1.0,1.0,0.0,0.0,0.0,0.0,0.0
35,181010022,2.0,,He,Power test with old energy monitor: 5.34 J.,1650.0,2300.0,2000.0,1.0,1.0,1.0,1.0,1.0,1.0,1.0,1.0,1.0,1.0,1.0,1.0,0.0,0.0,0.0,0.0,0.0
36,181010023,2.0,,D/He,D/He shot.,1650.0,2300.0,2000.0,1.0,1.0,1.0,1.0,1.0,1.0,1.0,1.0,1.0,1.0,1.0,1.0,0.0,0.0,0.0,0.0,0.0
37,181010024,2.0,,D/He,D/He shot.,1650.0,2300.0,2000.0,1.0,1.0,1.0,1.0,1.0,1.0,1.0,1.0,1.0,1.0,1.0,1.0,0.0,0.0,0.0,0.0,0.0
38,181010025,2.0,,D/He,D/He shot.,1650.0,2300.0,2000.0,1.0,1.0,1.0,1.0,1.0,1.0,1.0,1.0,1.0,1.0,1.0,1.0,0.0,0.0,0.0,0.0,0.0
39,181010026,2.0,,D/He,D/He shot.,1650.0,2300.0,2000.0,1.0,1.0,1.0,1.0,1.0,1.0,1.0,1.0,1.0,1.0,1.0,1.0,0.0,0.0,0.0,0.0,0.0
40,181010027,2.0,,D/He,D/He shot.,1650.0,2300.0,2000.0,1.0,1.0,1.0,1.0,1.0,1.0,1.0,1.0,1.0,1.0,1.0,1.0,0.0,0.0,0.0,0.0,0.0
41,181010028,2.0,,D/He,D/He shot.,1650.0,2300.0,2000.0,1.0,1.0,1.0,1.0,1.0,1.0,1.0,1.0,1.0,1.0,1.0,1.0,0.0,0.0,0.0,0.0,0.0
42,181010029,2.0,,D/He,D/He shot.,1650.0,2300.0,2000.0,1.0,1.0,1.0,1.0,1.0,1.0,1.0,1.0,1.0,1.0,1.0,1.0,0.0,0.0,0.0,0.0,0.0
43,181011007,2.0,,He,plasma.,1650.0,2300.0,2000.0,1.0,1.0,1.0,1.0,1.0,1.0,1.0,1.0,1.0,1.0,1.0,1.0,0.0,0.0,0.0,0.0,0.0
44,181011008,2.0,,D/He,first deuterium shot,1650.0,2300.0,2000.0,1.0,1.0,1.0,1.0,1.0,1.0,1.0,1.0,1.0,1.0,1.0,1.0,0.0,0.0,0.0,0.0,0.0
45,181011009,2.0,,D/He,deuterium shot,1650.0,2300.0,2000.0,1.0,1.0,1.0,1.0,1.0,1.0,1.0,1.0,1.0,1.0,1.0,1.0,0.0,0.0,0.0,0.0,0.0
46,181011010,2.0,,D/He,deuterium shot,1650.0,2300.0,2000.0,1.0,1.0,1.0,1.0,1.0,1.0,1.0,1.0,1.0,1.0,1.0,1.0,0.0,0.0,0.0,0.0,0.0
47,181011011,2.0,,V,deuterium shot - faulted before laser fired.,1650.0,2300.0,2000.0,1.0,1.0,1.0,1.0,1.0,1.0,1.0,1.0,1.0,1.0,1.0,1.0,0.0,0.0,0.0,0.0,0.0
48,181011012,2.0,,D/He,deuterium shot,1650.0,2300.0,2000.0,1.0,1.0,1.0,1.0,1.0,1.0,1.0,1.0,1.0,1.0,1.0,1.0,0.0,0.0,0.0,0.0,0.0
49,181011013,2.0,,V,high power vacuum,1650.0,2300.0,2000.0,1.0,1.0,1.0,1.0,1.0,1.0,1.0,1.0,1.0,1.0,1.0,1.0,0.0,0.0,0.0,0.0,0.0
50,181011014,2.0,,V,high power vacuum,1650.0,2300.0,2000.0,1.0,1.0,1.0,1.0,1.0,1.0,1.0,1.0,1.0,1.0,1.0,1.0,0.0,0.0,0.0,0.0,0.0
51,181011015,2.0,,V,high power vacuum,1650.0,2300.0,2000.0,1.0,1.0,1.0,1.0,1.0,1.0,1.0,1.0,1.0,1.0,1.0,1.0,0.0,0.0,0.0,0.0,0.0
52,181011016,2.0,,D/He,deuterium shot,1650.0,2300.0,2000.0,1.0,1.0,1.0,1.0,1.0,1.0,1.0,1.0,1.0,1.0,1.0,1.0,0.0,0.0,0.0,0.0,0.0
53,181011017,2.0,,D/He,deuterium shot (laser temp. 16.9Â°C).,1650.0,2400.0,2100.0,1.0,1.0,1.0,1.0,1.0,1.0,1.0,1.0,1.0,1.0,1.0,1.0,0.0,0.0,0.0,0.0,0.0
54,181011018,2.0,,D/He,repeat.,1650.0,2400.0,2100.0,1.0,1.0,1.0,1.0,1.0,1.0,1.0,1.0,1.0,1.0,1.0,1.0,0.0,0.0,0.0,0.0,0.0
55,181011019,2.0,,D/He,repeat.,1650.0,2300.0,1900.0,1.0,1.0,1.0,1.0,1.0,1.0,1.0,1.0,1.0,1.0,1.0,1.0,0.0,0.0,0.0,0.0,0.0
56,181016009,2.0,,D/He,first D/He,1650.0,2300.0,2000.0,1.0,1.0,1.0,1.0,1.0,1.0,1.0,1.0,1.0,1.0,1.0,1.0,0.0,0.0,0.0,0.0,0.0
57,181016010,2.1,,D/He,new trig. time,1650.0,2300.0,2000.0,1.0,1.0,1.0,1.0,1.0,1.0,1.0,1.0,1.0,1.0,1.0,1.0,0.0,0.0,0.0,0.0,0.0
58,181016011,2.15,,D/He,new trig. time,1650.0,2300.0,2000.0,1.0,1.0,1.0,1.0,1.0,1.0,1.0,1.0,1.0,1.0,1.0,1.0,0.0,0.0,0.0,0.0,0.0
59,181016012,2.24,,D/He,new trig. time,1650.0,2300.0,2000.0,1.0,1.0,1.0,1.0,1.0,1.0,1.0,1.0,1.0,1.0,1.0,1.0,0.0,0.0,0.0,0.0,0.0
60,181016013,2.5,,D/He,new trig. time,1650.0,2300.0,2000.0,1.0,1.0,1.0,1.0,1.0,1.0,1.0,1.0,1.0,1.0,1.0,1.0,0.0,0.0,0.0,0.0,0.0
61,181016014,2.5,,V,HPV shot,1650.0,2300.0,2000.0,1.0,1.0,1.0,1.0,1.0,1.0,1.0,1.0,1.0,1.0,1.0,1.0,0.0,0.0,0.0,0.0,0.0
62,181016015,1.6403,,D/He,Fire during V_INJ_A ~ minimum,1650.0,2300.0,2000.0,1.0,1.0,1.0,1.0,1.0,1.0,1.0,1.0,1.0,1.0,1.0,1.0,0.0,0.0,0.0,0.0,0.0
63,181016016,1.6403,,D/He,repeat,1650.0,2300.0,2000.0,1.0,1.0,1.0,1.0,1.0,1.0,1.0,1.0,1.0,1.0,1.0,1.0,0.0,0.0,0.0,0.0,0.0
64,181016017,1.6403,,V,repeat - laser not triggered!,1650.0,2300.0,2000.0,1.0,1.0,1.0,1.0,1.0,1.0,1.0,1.0,1.0,1.0,1.0,1.0,0.0,0.0,0.0,0.0,0.0
65,181016018,1.6403,,D/He,repeat,1650.0,2300.0,2000.0,1.0,1.0,1.0,1.0,1.0,1.0,1.0,1.0,1.0,1.0,1.0,1.0,0.0,0.0,0.0,0.0,0.0
66,181016019,1.643,,D/He,Fire during V_INJ_A ~ 0.,1650.0,2300.0,2000.0,1.0,1.0,1.0,1.0,1.0,1.0,1.0,1.0,1.0,1.0,1.0,1.0,0.0,0.0,0.0,0.0,0.0
67,181016020,1.643,,V,"Fire during V_INJ_A ~ 0, laser not triggered!",1650.0,2300.0,2000.0,1.0,1.0,1.0,1.0,1.0,1.0,1.0,1.0,1.0,1.0,1.0,1.0,0.0,0.0,0.0,0.0,0.0
68,181016021,1.643,,D/He,Fire during V_INJ_A ~ 0.,1650.0,2300.0,2000.0,1.0,1.0,1.0,1.0,1.0,1.0,1.0,1.0,1.0,1.0,1.0,1.0,0.0,0.0,0.0,0.0,0.0
69,181016022,1.647,,D/He,Fire during V_INJ_A ~ maximum,1650.0,2300.0,2000.0,1.0,1.0,1.0,1.0,1.0,1.0,1.0,1.0,1.0,1.0,1.0,1.0,0.0,0.0,0.0,0.0,0.0
70,181016023,1.647,,D/He,Fire during V_INJ_A ~ maximum,1650.0,2300.0,2000.0,1.0,1.0,1.0,1.0,1.0,1.0,1.0,1.0,1.0,1.0,1.0,1.0,0.0,0.0,0.0,0.0,0.0
71,181016024,0.65,,V,"Fire during reconnection/formation event, laser not triggered.",1650.0,2300.0,2000.0,1.0,1.0,1.0,1.0,1.0,1.0,1.0,1.0,1.0,1.0,1.0,1.0,0.0,0.0,0.0,0.0,0.0
72,181016025,0.65,,D/He,repeat - fault but still got data,1650.0,2300.0,2000.0,1.0,1.0,1.0,1.0,1.0,1.0,1.0,1.0,1.0,1.0,1.0,1.0,0.0,0.0,0.0,0.0,0.0
73,181016026,2.15,,D/He,"New trig. time, higher power",1650.0,2400.0,2100.0,1.0,1.0,1.0,1.0,1.0,1.0,1.0,1.0,1.0,1.0,1.0,1.0,0.0,0.0,0.0,0.0,0.0
74,181016027,1.7,,D/He,New trig. time,1650.0,2400.0,2100.0,1.0,1.0,1.0,1.0,1.0,1.0,1.0,1.0,1.0,1.0,1.0,1.0,0.0,0.0,0.0,0.0,0.0
75,181016028,1.7,,D/He,repeat,1650.0,2400.0,2100.0,1.0,1.0,1.0,1.0,1.0,1.0,1.0,1.0,1.0,1.0,1.0,1.0,0.0,0.0,0.0,0.0,0.0
76,181017005,1.7,,He,first plasma,1650.0,2400.0,2100.0,1.0,1.0,1.0,1.0,1.0,1.0,1.0,1.0,1.0,1.0,1.0,1.0,0.0,0.0,0.0,0.0,0.0
77,181017006,1.7,,He,repeat,1650.0,2400.0,2100.0,1.0,1.0,1.0,1.0,1.0,1.0,1.0,1.0,1.0,1.0,1.0,1.0,0.0,0.0,0.0,0.0,0.0
78,181017007,1.7,,He,repeat,1650.0,2400.0,2100.0,1.0,1.0,1.0,1.0,1.0,1.0,1.0,1.0,1.0,1.0,1.0,1.0,0.0,0.0,0.0,0.0,0.0
79,181017008,1.7,,He,repeat,1650.0,2400.0,2100.0,1.0,1.0,1.0,1.0,1.0,1.0,1.0,1.0,1.0,1.0,1.0,1.0,0.0,0.0,0.0,0.0,0.0
80,181017009,1.7,,He,post-PDC,1650.0,2400.0,2100.0,1.0,1.0,1.0,1.0,1.0,1.0,1.0,1.0,1.0,1.0,1.0,1.0,0.0,0.0,0.0,0.0,0.0
81,181017010,1.7,,D/He,Deuterium,1650.0,2400.0,2100.0,1.0,1.0,1.0,1.0,1.0,1.0,1.0,1.0,1.0,1.0,1.0,1.0,0.0,0.0,0.0,0.0,0.0
82,181017011,2.1,,D/He,Deuterium,1650.0,2400.0,2100.0,1.0,1.0,1.0,1.0,1.0,1.0,1.0,1.0,1.0,1.0,1.0,1.0,0.0,0.0,0.0,0.0,0.0
83,181017012,2.1,,D/He,Deuterium,1650.0,2400.0,2100.0,1.0,1.0,1.0,1.0,1.0,1.0,1.0,1.0,1.0,1.0,1.0,1.0,0.0,0.0,0.0,0.0,0.0
84,181017013,2.1,,D/He,Deuterium,1650.0,2400.0,2100.0,1.0,1.0,1.0,1.0,1.0,1.0,1.0,1.0,1.0,1.0,1.0,1.0,0.0,0.0,0.0,0.0,0.0
85,181017014,2.1,,D/He,Deuterium,1650.0,2400.0,2100.0,1.0,1.0,1.0,1.0,1.0,1.0,1.0,1.0,1.0,1.0,1.0,1.0,0.0,0.0,0.0,0.0,0.0
86,181017015,2.1,,D/He,Deuterium,1650.0,2400.0,2100.0,1.0,1.0,1.0,1.0,1.0,1.0,1.0,1.0,1.0,1.0,1.0,1.0,0.0,0.0,0.0,0.0,0.0
87,181017016,2.1,,V,Vacuum,1650.0,2400.0,2100.0,1.0,1.0,1.0,1.0,1.0,1.0,1.0,1.0,1.0,1.0,1.0,1.0,0.0,0.0,0.0,0.0,0.0
88,181017017,2.1,,V,Vacuum,1650.0,2400.0,2100.0,1.0,1.0,1.0,1.0,1.0,1.0,1.0,1.0,1.0,1.0,1.0,1.0,0.0,0.0,0.0,0.0,0.0
89,181017018,2.1,,V,Vacuum,1650.0,2400.0,2100.0,1.0,1.0,1.0,1.0,1.0,1.0,1.0,1.0,1.0,1.0,1.0,1.0,0.0,0.0,0.0,0.0,0.0
90,181017019,2.15,,D/He,Deuterium,1650.0,2400.0,2100.0,1.0,1.0,1.0,1.0,1.0,1.0,1.0,1.0,1.0,1.0,1.0,1.0,0.0,0.0,0.0,0.0,0.0
91,181017020,2.15,,D/He,Deuterium,1650.0,2400.0,2100.0,1.0,1.0,1.0,1.0,1.0,1.0,1.0,1.0,1.0,1.0,1.0,1.0,0.0,0.0,0.0,0.0,0.0
92,181017021,2.15,,D/He,Deuterium,1650.0,2400.0,2100.0,1.0,1.0,1.0,1.0,1.0,1.0,1.0,1.0,1.0,1.0,1.0,1.0,0.0,0.0,0.0,0.0,0.0
93,181017022,2.15,,D/He,Deuterium,1650.0,2400.0,2100.0,1.0,1.0,1.0,1.0,1.0,1.0,1.0,1.0,1.0,1.0,1.0,1.0,0.0,0.0,0.0,0.0,0.0
94,181017023,1.92,,D/He,Deuterium,1650.0,2400.0,2100.0,1.0,1.0,1.0,1.0,1.0,1.0,1.0,1.0,1.0,1.0,1.0,1.0,0.0,0.0,0.0,0.0,0.0
95,181017024,1.92,,D/He,Deuterium,1650.0,2400.0,2100.0,1.0,1.0,1.0,1.0,1.0,1.0,1.0,1.0,1.0,1.0,1.0,1.0,0.0,0.0,0.0,0.0,0.0
96,181017025,1.92,,D/He,Deuterium,1650.0,2400.0,2100.0,1.0,1.0,1.0,1.0,1.0,1.0,1.0,1.0,1.0,1.0,1.0,1.0,0.0,0.0,0.0,0.0,0.0
97,181017026,2.1,,D/He,High power shot - fault,1650.0,2400.0,2100.0,1.0,1.0,1.0,1.0,1.0,1.0,1.0,1.0,1.0,1.0,1.0,1.0,0.0,0.0,0.0,0.0,0.0
98,181017027,2.1,,D/He,High power shot - fault,1650.0,2400.0,2100.0,1.0,1.0,1.0,1.0,1.0,1.0,1.0,1.0,1.0,1.0,1.0,1.0,0.0,0.0,0.0,0.0,0.0
99,181017028,2.1,,D/He,High power shot,1650.0,2400.0,2100.0,1.0,1.0,1.0,1.0,1.0,1.0,1.0,1.0,1.0,1.0,1.0,1.0,0.0,0.0,0.0,0.0,0.0
100,181018008,2.1,,D/He,He-doped D,1650.0,2400.0,2100.0,1.0,1.0,1.0,1.0,1.0,1.0,1.0,1.0,1.0,1.0,1.0,1.0,0.0,0.0,0.0,0.0,0.0
101,181018009,2.05,,D/He,"He-doped D, weird laser pulse",1650.0,2400.0,2100.0,1.0,1.0,1.0,1.0,1.0,1.0,1.0,1.0,1.0,1.0,1.0,1.0,0.0,0.0,0.0,0.0,0.0
102,181018010,2.05,,D/He,He-doped D,1650.0,2400.0,2100.0,1.0,1.0,1.0,1.0,1.0,1.0,1.0,1.0,1.0,1.0,1.0,1.0,0.0,0.0,0.0,0.0,0.0
103,181018011,2.05,,D/He,He-doped D,1650.0,2400.0,2100.0,1.0,1.0,1.0,1.0,1.0,1.0,1.0,1.0,1.0,1.0,1.0,1.0,0.0,0.0,0.0,0.0,0.0
104,181018012,2.05,,D/He,He-doped D,1650.0,2400.0,2100.0,1.0,1.0,1.0,1.0,1.0,1.0,1.0,1.0,1.0,1.0,1.0,1.0,0.0,0.0,0.0,0.0,0.0
105,181018013,2.05,,D/He,He-doped D,1650.0,2400.0,2100.0,1.0,1.0,1.0,1.0,1.0,1.0,1.0,1.0,1.0,1.0,1.0,1.0,0.0,0.0,0.0,0.0,0.0
106,181018014,2.05,,D/He,He-doped D,1650.0,2400.0,2100.0,1.0,1.0,1.0,1.0,1.0,1.0,1.0,1.0,1.0,1.0,1.0,1.0,0.0,0.0,0.0,0.0,0.0
107,181018015,2.2,,D/He,He-doped D,1650.0,2400.0,2100.0,1.0,1.0,1.0,1.0,1.0,1.0,1.0,1.0,1.0,1.0,1.0,1.0,0.0,0.0,0.0,0.0,0.0
108,181018016,2.2,,D/He,higher flux,1650.0,2400.0,2100.0,1.0,1.0,1.0,1.0,1.0,1.0,1.0,1.0,1.0,1.0,1.0,1.0,0.0,0.0,0.0,0.0,0.0
109,181018017,2.2,,D/He,repeat,1650.0,2400.0,2100.0,1.0,1.0,1.0,1.0,1.0,1.0,1.0,1.0,1.0,1.0,1.0,1.0,0.0,0.0,0.0,0.0,0.0
110,181018018,2.2,,D/He,repeat,1650.0,2400.0,2100.0,1.0,1.0,1.0,1.0,1.0,1.0,1.0,1.0,1.0,1.0,1.0,1.0,0.0,0.0,0.0,0.0,0.0
111,181018019,2.2,,D/He,repeat,1650.0,2400.0,2100.0,1.0,1.0,1.0,1.0,1.0,1.0,1.0,1.0,1.0,1.0,1.0,1.0,0.0,0.0,0.0,0.0,0.0
112,181018022,2.2,,D,D only - starved,1650.0,2400.0,2100.0,1.0,1.0,1.0,1.0,1.0,1.0,1.0,1.0,1.0,1.0,1.0,1.0,0.0,0.0,0.0,0.0,0.0
113,181018023,2.0,,D,D only - minor starvation?,1650.0,2400.0,2100.0,1.0,1.0,1.0,1.0,1.0,1.0,1.0,1.0,1.0,1.0,1.0,1.0,0.0,0.0,0.0,0.0,0.0
114,181018024,2.0,,D,D only,1650.0,2400.0,2100.0,1.0,1.0,1.0,1.0,1.0,1.0,1.0,1.0,1.0,1.0,1.0,1.0,0.0,0.0,0.0,0.0,0.0
115,181018025,2.0,,D,D only - higher power,1650.0,2400.0,2100.0,1.0,1.0,1.0,1.0,1.0,1.0,1.0,1.0,1.0,1.0,1.0,1.0,0.0,0.0,0.0,0.0,0.0
116,181018026,2.0,,D,D only - weird laser pulse,1650.0,2400.0,2100.0,1.0,1.0,1.0,1.0,1.0,1.0,1.0,1.0,1.0,1.0,1.0,1.0,0.0,0.0,0.0,0.0,0.0
117,181018027,2.0,,D,D only - low laser energy,1650.0,2400.0,2100.0,1.0,1.0,1.0,1.0,1.0,1.0,1.0,1.0,1.0,1.0,1.0,1.0,0.0,0.0,0.0,0.0,0.0
118,181018028,2.0,,D,D only,1650.0,2400.0,2100.0,1.0,1.0,1.0,1.0,1.0,1.0,1.0,1.0,1.0,1.0,1.0,1.0,0.0,0.0,0.0,0.0,0.0
119,181018029,2.1,,D,D only,1650.0,2400.0,2100.0,1.0,1.0,1.0,1.0,1.0,1.0,1.0,1.0,1.0,1.0,1.0,1.0,0.0,0.0,0.0,0.0,0.0
120,181018030,2.1,,D,D only - good!,1650.0,2400.0,2100.0,1.0,1.0,1.0,1.0,1.0,1.0,1.0,1.0,1.0,1.0,1.0,1.0,0.0,0.0,0.0,0.0,0.0
121,181018031,2.1,,D,D only. laser triggered late,1650.0,2400.0,2100.0,1.0,1.0,1.0,1.0,1.0,1.0,1.0,1.0,1.0,1.0,1.0,1.0,0.0,0.0,0.0,0.0,0.0
122,181018032,2.1,,D,D only. fault before laser fired,1650.0,2400.0,2100.0,1.0,1.0,1.0,1.0,1.0,1.0,1.0,1.0,1.0,1.0,1.0,1.0,0.0,0.0,0.0,0.0,0.0
123,181018033,2.1,,D,D only - ok,1650.0,2400.0,2100.0,1.0,1.0,1.0,1.0,1.0,1.0,1.0,1.0,1.0,1.0,1.0,1.0,0.0,0.0,0.0,0.0,0.0
124,181018034,2.1,,D,D only ,1650.0,2400.0,2100.0,1.0,1.0,1.0,1.0,1.0,1.0,1.0,1.0,1.0,1.0,1.0,1.0,0.0,0.0,0.0,0.0,0.0
125,190129007,2.1,,He,need vacuum shot. Could be good?,1850.0,2200.0,1900.0,1.0,1.0,1.0,1.0,1.0,1.0,1.0,1.0,1.0,1.0,1.0,1.0,0.0,0.0,0.0,0.0,0.0
126,190129008,2.1,,He,vacuum shot - bad oscilloscope settings,1850.0,2200.0,2000.0,1.0,1.0,1.0,1.0,1.0,1.0,1.0,1.0,1.0,1.0,1.0,1.0,0.0,0.0,0.0,0.0,0.0
127,190129009,2.1,,He,vacuum shot - bad oscilloscope settings,1850.0,2200.0,2000.0,1.0,1.0,1.0,1.0,1.0,1.0,1.0,1.0,1.0,1.0,1.0,1.0,0.0,0.0,0.0,0.0,0.0
128,190129010,2.1,,He,vacuum shot,1850.0,2200.0,2000.0,1.0,1.0,1.0,1.0,1.0,1.0,1.0,1.0,1.0,1.0,1.0,1.0,0.0,0.0,0.0,0.0,0.0
129,190129011,2.1,,He,vacuum shot,1850.0,2200.0,2000.0,1.0,1.0,1.0,1.0,1.0,1.0,1.0,1.0,1.0,1.0,1.0,1.0,0.0,0.0,0.0,0.0,0.0
130,190129012,2.1,,He,plasma,1850.0,2200.0,2000.0,1.0,1.0,1.0,1.0,1.0,1.0,1.0,1.0,1.0,1.0,1.0,1.0,0.0,0.0,0.0,0.0,0.0
131,190129013,2.1,,He,plasma,1850.0,2200.0,2000.0,1.0,1.0,1.0,1.0,1.0,1.0,1.0,1.0,1.0,1.0,1.0,1.0,0.0,0.0,0.0,0.0,0.0
132,190129014,2.1,,He,plasma,1850.0,2200.0,2000.0,1.0,1.0,1.0,1.0,1.0,1.0,1.0,1.0,1.0,1.0,1.0,1.0,0.0,0.0,0.0,0.0,0.0
133,190129015,2.1,,He,plasma,1850.0,2200.0,2000.0,1.0,1.0,1.0,1.0,1.0,1.0,1.0,1.0,1.0,1.0,1.0,1.0,0.0,0.0,0.0,0.0,0.0
134,190129016,2.1,,He,plasma,1850.0,2200.0,2000.0,1.0,1.0,1.0,1.0,1.0,1.0,1.0,1.0,1.0,1.0,1.0,1.0,0.0,0.0,0.0,0.0,0.0
135,190129017,2.1,,He,vacuum shot,1850.0,2200.0,2000.0,1.0,1.0,1.0,1.0,1.0,1.0,1.0,1.0,1.0,1.0,1.0,1.0,0.0,0.0,0.0,0.0,0.0
136,190129018,2.1,,He,vacuum shot,1850.0,2200.0,2000.0,1.0,1.0,1.0,1.0,1.0,1.0,1.0,1.0,1.0,1.0,1.0,1.0,0.0,0.0,0.0,0.0,0.0
137,190129019,2.1,,D/He,plasma,1850.0,2200.0,2000.0,1.0,1.0,1.0,1.0,1.0,1.0,1.0,1.0,1.0,1.0,1.0,1.0,0.0,0.0,0.0,0.0,0.0
138,190129020,2.1,,D/He,plasma,1850.0,2200.0,2000.0,1.0,1.0,1.0,1.0,1.0,1.0,1.0,1.0,1.0,1.0,1.0,1.0,0.0,0.0,0.0,0.0,0.0
139,190129021,2.1,,D/He,plasma,1850.0,2200.0,2000.0,1.0,1.0,1.0,1.0,1.0,1.0,1.0,1.0,1.0,1.0,1.0,1.0,0.0,0.0,0.0,0.0,0.0
140,190129022,1.8,,D/He,plasma,1850.0,2200.0,2000.0,1.0,1.0,1.0,1.0,1.0,1.0,1.0,1.0,1.0,1.0,1.0,1.0,0.0,0.0,0.0,0.0,0.0
141,190130012,1.8,,D/He,plasma,1850.0,2300.0,2000.0,1.0,1.0,1.0,1.0,1.0,1.0,1.0,1.0,1.0,1.0,1.0,1.0,0.0,0.0,0.0,0.0,0.0
142,190130013,1.8,,D/He,plasma - saturation on p3c3,1850.0,2300.0,2000.0,1.0,1.0,1.0,1.0,1.0,1.0,1.0,1.0,1.0,1.0,1.0,1.0,0.0,0.0,0.0,0.0,0.0
143,190130014,1.8,,D/He,plasma - data on all channels??!,1850.0,2300.0,2000.0,1.0,1.0,1.0,1.0,1.0,1.0,1.0,1.0,1.0,1.0,1.0,1.0,0.0,0.0,0.0,0.0,0.0
144,190130015,1.8,,D/He,vacuum,1850.0,2300.0,2000.0,1.0,1.0,1.0,1.0,1.0,1.0,1.0,1.0,1.0,1.0,1.0,1.0,0.0,0.0,0.0,0.0,0.0
145,190130016,1.8,,D/He,vacuum,1850.0,2300.0,2000.0,1.0,1.0,1.0,1.0,1.0,1.0,1.0,1.0,1.0,1.0,1.0,1.0,0.0,0.0,0.0,0.0,0.0
146,190130017,1.8,,D/He,vacuum,1850.0,2300.0,2000.0,1.0,1.0,1.0,1.0,1.0,1.0,1.0,1.0,1.0,1.0,1.0,1.0,0.0,0.0,0.0,0.0,0.0
147,190130018,1.8,,D/He,plasma,1850.0,2300.0,2000.0,1.0,1.0,1.0,1.0,1.0,1.0,1.0,1.0,1.0,1.0,1.0,1.0,0.0,0.0,0.0,0.0,0.0
148,190130019,1.8,,D/He,plasma - missing some TS data from bad scope read,1850.0,2300.0,2000.0,1.0,1.0,1.0,1.0,1.0,1.0,1.0,1.0,1.0,1.0,1.0,1.0,0.0,0.0,0.0,0.0,0.0
149,190130020,1.8,,D/He,plasma,1850.0,2300.0,2000.0,1.0,1.0,1.0,1.0,1.0,1.0,1.0,1.0,1.0,1.0,1.0,1.0,0.0,0.0,0.0,0.0,0.0
150,190130021,1.8,,D/He,plasma,1850.0,2300.0,2000.0,1.0,1.0,1.0,1.0,1.0,1.0,1.0,1.0,1.0,1.0,1.0,1.0,0.0,0.0,0.0,0.0,0.0
151,190130022,1.8,,D/He,plasma,1850.0,2300.0,2000.0,1.0,1.0,1.0,1.0,1.0,1.0,1.0,1.0,1.0,1.0,1.0,1.0,0.0,0.0,0.0,0.0,0.0
152,190131002,1.8,,V,vacuum ,1850.0,2300.0,2000.0,1.0,1.0,1.0,1.0,1.0,1.0,1.0,1.0,1.0,1.0,1.0,1.0,0.0,0.0,0.0,0.0,0.0
153,190131003,1.8,,V,vacuum ,1850.0,2300.0,2000.0,1.0,1.0,1.0,1.0,1.0,1.0,1.0,1.0,1.0,1.0,1.0,1.0,0.0,0.0,0.0,0.0,0.0
154,190131004,1.8,,V,laser off,1850.0,2300.0,2000.0,1.0,1.0,1.0,1.0,1.0,1.0,1.0,1.0,1.0,1.0,1.0,1.0,0.0,0.0,0.0,0.0,0.0
155,190131005,1.8,,He,plasma,1850.0,2300.0,2000.0,1.0,1.0,1.0,1.0,1.0,1.0,1.0,1.0,1.0,1.0,1.0,1.0,0.0,0.0,0.0,0.0,0.0
156,190131006,1.8,,He,plasma - laser didn't fire,1850.0,2300.0,2000.0,1.0,1.0,1.0,1.0,1.0,1.0,1.0,1.0,1.0,1.0,1.0,1.0,0.0,0.0,0.0,0.0,0.0
157,190131007,1.8,,He,plasma,1850.0,2300.0,2000.0,1.0,1.0,1.0,1.0,1.0,1.0,1.0,1.0,1.0,1.0,1.0,1.0,0.0,0.0,0.0,0.0,0.0
158,190131008,0.63,,He,plasma,1850.0,2300.0,2000.0,1.0,1.0,1.0,1.0,1.0,1.0,1.0,1.0,1.0,1.0,1.0,1.0,0.0,0.0,0.0,0.0,0.0
159,190131009,0.63,,He,plasma,1850.0,2300.0,2000.0,1.0,1.0,1.0,1.0,1.0,1.0,1.0,1.0,1.0,1.0,1.0,1.0,0.0,0.0,0.0,0.0,0.0
160,190131010,0.63,,He,plasma,1850.0,2300.0,2000.0,1.0,1.0,1.0,1.0,1.0,1.0,1.0,1.0,1.0,1.0,1.0,1.0,0.0,0.0,0.0,0.0,0.0
161,190131011,0.53,,He,plasma,1850.0,2300.0,2000.0,1.0,1.0,1.0,1.0,1.0,1.0,1.0,1.0,1.0,1.0,1.0,1.0,0.0,0.0,0.0,0.0,0.0
162,190131012,0.73,,He,plasma,1850.0,2300.0,2000.0,1.0,1.0,1.0,1.0,1.0,1.0,1.0,1.0,1.0,1.0,1.0,1.0,0.0,0.0,0.0,0.0,0.0
163,190131013,0.73,,He,plasma,1850.0,2300.0,2000.0,1.0,1.0,1.0,1.0,1.0,1.0,1.0,1.0,1.0,1.0,1.0,1.0,0.0,0.0,0.0,0.0,0.0
164,190131014,0.53,,He,plasma,1850.0,2300.0,2000.0,1.0,1.0,1.0,1.0,1.0,1.0,1.0,1.0,1.0,1.0,1.0,1.0,0.0,0.0,0.0,0.0,0.0
165,190131015,0.83,,He,plasma - laser didn't fire,1850.0,2300.0,2000.0,1.0,1.0,1.0,1.0,1.0,1.0,1.0,1.0,1.0,1.0,1.0,1.0,0.0,0.0,0.0,0.0,0.0
166,190131016,0.83,,He,plasma,1850.0,2300.0,2000.0,1.0,1.0,1.0,1.0,1.0,1.0,1.0,1.0,1.0,1.0,1.0,1.0,0.0,0.0,0.0,0.0,0.0
167,190131017,0.83,,He,plasma,1850.0,2300.0,2000.0,1.0,1.0,1.0,1.0,1.0,1.0,1.0,1.0,1.0,1.0,1.0,1.0,0.0,0.0,0.0,0.0,0.0
168,190131018,0.93,,He,plasma,1850.0,2300.0,2000.0,1.0,1.0,1.0,1.0,1.0,1.0,1.0,1.0,1.0,1.0,1.0,1.0,0.0,0.0,0.0,0.0,0.0
169,190131019,0.93,,He,plasma,1850.0,2300.0,2000.0,1.0,1.0,1.0,1.0,1.0,1.0,1.0,1.0,1.0,1.0,1.0,1.0,0.0,0.0,0.0,0.0,0.0
170,190131020,1.03,,He,plasma - laser didn't fire,1850.0,2300.0,2000.0,1.0,1.0,1.0,1.0,1.0,1.0,1.0,1.0,1.0,1.0,1.0,1.0,0.0,0.0,0.0,0.0,0.0
171,190131021,1.03,,He,plasma,1850.0,2300.0,2000.0,1.0,1.0,1.0,1.0,1.0,1.0,1.0,1.0,1.0,1.0,1.0,1.0,0.0,0.0,0.0,0.0,0.0
172,190131022,1.03,,He,plasma - some weird noise,1850.0,2300.0,2000.0,1.0,1.0,1.0,1.0,1.0,1.0,1.0,1.0,1.0,1.0,1.0,1.0,0.0,0.0,0.0,0.0,0.0
173,190131023,1.03,,He,plasma,1850.0,2300.0,2000.0,1.0,1.0,1.0,1.0,1.0,1.0,1.0,1.0,1.0,1.0,1.0,1.0,0.0,0.0,0.0,0.0,0.0
174,190201003,1.03,,V,vacuum ,1850.0,2300.0,2000.0,1.0,1.0,1.0,1.0,1.0,1.0,1.0,1.0,1.0,1.0,1.0,1.0,0.0,0.0,0.0,0.0,0.0
175,190201004,1.03,,V,vacuum ,1850.0,2300.0,2000.0,1.0,1.0,1.0,1.0,1.0,1.0,1.0,1.0,1.0,1.0,1.0,1.0,0.0,0.0,0.0,0.0,0.0
176,190201005,1.13,,He,scrapped,1850.0,2300.0,2000.0,1.0,1.0,1.0,1.0,1.0,1.0,1.0,1.0,1.0,1.0,1.0,1.0,0.0,0.0,0.0,0.0,0.0
177,190201006,1.13,,He,plasma - neg I_tor,1850.0,2300.0,2000.0,1.0,1.0,1.0,1.0,1.0,1.0,1.0,1.0,1.0,1.0,1.0,1.0,0.0,0.0,0.0,0.0,0.0
178,190201007,1.13,,He,plasma - neg I_tor,1850.0,2300.0,2000.0,1.0,1.0,1.0,1.0,1.0,1.0,1.0,1.0,1.0,1.0,1.0,1.0,0.0,0.0,0.0,0.0,0.0
179,190201008,1.13,,He,plasma,1850.0,2300.0,2000.0,1.0,1.0,1.0,1.0,1.0,1.0,1.0,1.0,1.0,1.0,1.0,1.0,0.0,0.0,0.0,0.0,0.0
180,190201009,1.13,,He,plasma,1850.0,2300.0,2000.0,1.0,1.0,1.0,1.0,1.0,1.0,1.0,1.0,1.0,1.0,1.0,1.0,0.0,0.0,0.0,0.0,0.0
181,190201010,1.23,,He,plasma - neg I_tor,1850.0,2300.0,2000.0,1.0,1.0,1.0,1.0,1.0,1.0,1.0,1.0,1.0,1.0,1.0,1.0,0.0,0.0,0.0,0.0,0.0
182,190201011,1.23,,He,plasma,1850.0,2300.0,2000.0,1.0,1.0,1.0,1.0,1.0,1.0,1.0,1.0,1.0,1.0,1.0,1.0,0.0,0.0,0.0,0.0,0.0
183,190201012,1.23,,He,plasma - neg I_tor,1850.0,2300.0,2000.0,1.0,1.0,1.0,1.0,1.0,1.0,1.0,1.0,1.0,1.0,1.0,1.0,0.0,0.0,0.0,0.0,0.0
184,190201013,1.43,,He,plasma,1850.0,2300.0,2000.0,1.0,1.0,1.0,1.0,1.0,1.0,1.0,1.0,1.0,1.0,1.0,1.0,0.0,0.0,0.0,0.0,0.0
185,190201014,1.43,,He,plasma,1850.0,2300.0,2000.0,1.0,1.0,1.0,1.0,1.0,1.0,1.0,1.0,1.0,1.0,1.0,1.0,0.0,0.0,0.0,0.0,0.0
186,190201015,1.63,,He,plasma,1850.0,2300.0,2000.0,1.0,1.0,1.0,1.0,1.0,1.0,1.0,1.0,1.0,1.0,1.0,1.0,0.0,0.0,0.0,0.0,0.0
187,190201016,1.63,,He,plasma,1850.0,2300.0,2000.0,1.0,1.0,1.0,1.0,1.0,1.0,1.0,1.0,1.0,1.0,1.0,1.0,0.0,0.0,0.0,0.0,0.0
188,190201017,1.83,,He,plasma,1850.0,2300.0,2000.0,1.0,1.0,1.0,1.0,1.0,1.0,1.0,1.0,1.0,1.0,1.0,1.0,0.0,0.0,0.0,0.0,0.0
189,190201018,1.83,,He,plasma,1850.0,2300.0,2000.0,1.0,1.0,1.0,1.0,1.0,1.0,1.0,1.0,1.0,1.0,1.0,1.0,0.0,0.0,0.0,0.0,0.0
190,190201019,2.03,,He,plasma,1850.0,2300.0,2000.0,1.0,1.0,1.0,1.0,1.0,1.0,1.0,1.0,1.0,1.0,1.0,1.0,0.0,0.0,0.0,0.0,0.0
191,190201020,2.03,,He,plasma - neg I_tor,1850.0,2300.0,2000.0,1.0,1.0,1.0,1.0,1.0,1.0,1.0,1.0,1.0,1.0,1.0,1.0,0.0,0.0,0.0,0.0,0.0
192,190201021,2.03,,He,plasma,1850.0,2300.0,2000.0,1.0,1.0,1.0,1.0,1.0,1.0,1.0,1.0,1.0,1.0,1.0,1.0,0.0,0.0,0.0,0.0,0.0
193,190201022,2.23,,He,plasma,1850.0,2300.0,2000.0,1.0,1.0,1.0,1.0,1.0,1.0,1.0,1.0,1.0,1.0,1.0,1.0,0.0,0.0,0.0,0.0,0.0
194,190201023,2.23,,He,plasma,1850.0,2300.0,2000.0,1.0,1.0,1.0,1.0,1.0,1.0,1.0,1.0,1.0,1.0,1.0,1.0,0.0,0.0,0.0,0.0,0.0
195,190206008,1.9,,V,vacuum ,1850.0,2300.0,2000.0,1.0,1.0,1.0,1.0,1.0,1.0,1.0,1.0,1.0,1.0,1.0,1.0,0.0,0.0,0.0,0.0,0.0
196,190206009,1.9,,V,vacuum ,1850.0,2300.0,2000.0,1.0,1.0,1.0,1.0,1.0,1.0,1.0,1.0,1.0,1.0,1.0,1.0,0.0,0.0,0.0,0.0,0.0
197,190206010,1.9,,He,plasma,1850.0,2300.0,2000.0,1.0,1.0,1.0,1.0,1.0,1.0,1.0,1.0,1.0,1.0,1.0,1.0,0.0,0.0,0.0,0.0,0.0
198,190206011,1.9,,He,raise V bank 10% points,1850.0,2300.0,2000.0,1.0,1.0,1.0,1.0,1.0,1.0,1.0,1.0,1.0,1.0,1.0,1.0,0.0,0.0,0.0,0.0,0.0
199,190206012,1.7,,He,repeat - neg I_tor,1850.0,2300.0,2000.0,1.0,1.0,1.0,1.0,1.0,1.0,1.0,1.0,1.0,1.0,1.0,1.0,0.0,0.0,0.0,0.0,0.0
200,190206013,1.7,,He,repeat,1850.0,2300.0,2000.0,1.0,1.0,1.0,1.0,1.0,1.0,1.0,1.0,1.0,1.0,1.0,1.0,0.0,0.0,0.0,0.0,0.0
201,190206014,1.7,,He,more power,1850.0,2300.0,2000.0,1.0,1.0,1.0,1.0,1.0,1.0,1.0,1.0,1.0,1.0,1.0,1.0,0.0,0.0,0.0,0.0,0.0
202,190206015,1.7,,He,more power,1850.0,2300.0,2000.0,1.0,1.0,1.0,1.0,1.0,1.0,1.0,1.0,1.0,1.0,1.0,1.0,0.0,0.0,0.0,0.0,0.0
203,190206016,1.7,,He,higher puff,1850.0,2300.0,2000.0,1.0,1.0,1.0,1.0,1.0,1.0,1.0,1.0,1.0,1.0,1.0,1.0,0.0,0.0,0.0,0.0,0.0
204,190206017,1.9,,He,repeat,1850.0,2300.0,2000.0,1.0,1.0,1.0,1.0,1.0,1.0,1.0,1.0,1.0,1.0,1.0,1.0,0.0,0.0,0.0,0.0,0.0
205,190206018,1.9,,He,repeat ,1850.0,2300.0,2000.0,1.0,1.0,1.0,1.0,1.0,1.0,1.0,1.0,1.0,1.0,1.0,1.0,0.0,0.0,0.0,0.0,0.0
206,190206019,1.9,,He,repeat - flipped out,1850.0,2300.0,2000.0,1.0,1.0,1.0,1.0,1.0,1.0,1.0,1.0,1.0,1.0,1.0,1.0,0.0,0.0,0.0,0.0,0.0
207,190206020,1.9,,He,repeat - flipped out,1850.0,2300.0,2000.0,1.0,1.0,1.0,1.0,1.0,1.0,1.0,1.0,1.0,1.0,1.0,1.0,0.0,0.0,0.0,0.0,0.0
208,190213001,1.9,4.81,ETEST,Laser energy meter: 4.81 J,1850.0,2200.0,2000.0,1.0,1.0,1.0,1.0,1.0,1.0,1.0,1.0,1.0,1.0,1.0,1.0,0.0,0.0,0.0,0.0,0.0
209,190213002,1.9,4.89,ETEST,Laser energy meter: 4.89 J,1850.0,2200.0,2000.0,1.0,1.0,1.0,1.0,1.0,1.0,1.0,1.0,1.0,1.0,1.0,1.0,0.0,0.0,0.0,0.0,0.0
210,190213003,1.9,4.8,ETEST,Laser energy meter: 4.80 J,1850.0,2200.0,2000.0,1.0,1.0,1.0,1.0,1.0,1.0,1.0,1.0,1.0,1.0,1.0,1.0,0.0,0.0,0.0,0.0,0.0
211,190213004,1.9,4.4,ETEST,Laser energy meter: 4.40 J,1850.0,2200.0,2000.0,1.0,1.0,1.0,1.0,1.0,1.0,1.0,1.0,1.0,1.0,1.0,1.0,0.0,0.0,0.0,0.0,0.0
212,190213005,1.9,4.61,ETEST,Laser energy meter: 4.61 J,1850.0,2200.0,2000.0,1.0,1.0,1.0,1.0,1.0,1.0,1.0,1.0,1.0,1.0,1.0,1.0,0.0,0.0,0.0,0.0,0.0
213,190213006,1.9,6.02,ETEST,Laser energy meter: 6.02 J,1850.0,2300.0,2000.0,1.0,1.0,1.0,1.0,1.0,1.0,1.0,1.0,1.0,1.0,1.0,1.0,0.0,0.0,0.0,0.0,0.0
214,190213007,1.9,5.62,ETEST,Laser energy meter: 5.62 J,1850.0,2300.0,2000.0,1.0,1.0,1.0,1.0,1.0,1.0,1.0,1.0,1.0,1.0,1.0,1.0,0.0,0.0,0.0,0.0,0.0
215,190213008,1.9,5.94,ETEST,Laser energy meter: 5.94 J,1850.0,2300.0,2000.0,1.0,1.0,1.0,1.0,1.0,1.0,1.0,1.0,1.0,1.0,1.0,1.0,0.0,0.0,0.0,0.0,0.0
216,190213009,1.9,6.21,ETEST,Laser energy meter: 6.21 J,1850.0,2300.0,2000.0,1.0,1.0,1.0,1.0,1.0,1.0,1.0,1.0,1.0,1.0,1.0,1.0,0.0,0.0,0.0,0.0,0.0
217,190213010,1.9,6.05,ETEST,Laser energy meter: 6.05 J,1850.0,2300.0,2000.0,1.0,1.0,1.0,1.0,1.0,1.0,1.0,1.0,1.0,1.0,1.0,1.0,0.0,0.0,0.0,0.0,0.0
218,190214005,1.9,,V,Laser energy meter: ??? (Late checking meter) ,1850.0,2300.0,2000.0,1.0,1.0,1.0,1.0,1.0,1.0,1.0,1.0,1.0,1.0,1.0,1.0,0.0,0.0,0.0,0.0,0.0
219,190214006,1.9,6.45,ETEST,Laser energy meter: 6.45 J,1850.0,2300.0,2000.0,1.0,1.0,1.0,1.0,1.0,1.0,1.0,1.0,1.0,1.0,1.0,1.0,0.0,0.0,0.0,0.0,0.0
220,190214007,1.9,7.8,ETEST,Laser energy meter: 7.80 J,1850.0,2350.0,2050.0,1.0,1.0,1.0,1.0,1.0,1.0,1.0,1.0,1.0,1.0,1.0,1.0,0.0,0.0,0.0,0.0,0.0
221,190214008,1.9,,V,Laser energy meter: ??? (Late checking meter) ,1850.0,2350.0,2050.0,1.0,1.0,1.0,1.0,1.0,1.0,1.0,1.0,1.0,1.0,1.0,1.0,0.0,0.0,0.0,0.0,0.0
222,190214009,1.9,7.54,ETEST,Laser energy meter: 7.54 J,1850.0,2350.0,2050.0,1.0,1.0,1.0,1.0,1.0,1.0,1.0,1.0,1.0,1.0,1.0,1.0,0.0,0.0,0.0,0.0,0.0
223,190214010,1.9,,He,plasma,1850.0,2300.0,2000.0,1.0,1.0,1.0,1.0,1.0,1.0,1.0,1.0,1.0,1.0,1.0,1.0,0.0,0.0,0.0,0.0,0.0
224,190214011,3.9,,He,plasma,1850.0,2300.0,2000.0,1.0,1.0,1.0,1.0,1.0,1.0,1.0,1.0,1.0,1.0,1.0,1.0,0.0,0.0,0.0,0.0,0.0
225,190214012,3.9,,V,vacuum,1850.0,2300.0,2000.0,1.0,1.0,1.0,1.0,1.0,1.0,1.0,1.0,1.0,1.0,1.0,1.0,0.0,0.0,0.0,0.0,0.0
226,190214013,3.9,,V,vacuum,1850.0,2300.0,2000.0,1.0,1.0,1.0,1.0,1.0,1.0,1.0,1.0,1.0,1.0,1.0,1.0,0.0,0.0,0.0,0.0,0.0
227,190214014,3.9,,He,plasma,1850.0,2300.0,2000.0,1.0,1.0,1.0,1.0,1.0,1.0,1.0,1.0,1.0,1.0,1.0,1.0,0.0,0.0,0.0,0.0,0.0
228,190214015,4.15,,He,plasma (fired during decay),1850.0,2300.0,2000.0,1.0,1.0,1.0,1.0,1.0,1.0,1.0,1.0,1.0,1.0,1.0,1.0,0.0,0.0,0.0,0.0,0.0
229,190214016,4.15,,He,plasma (fired during decay),1850.0,2300.0,2000.0,1.0,1.0,1.0,1.0,1.0,1.0,1.0,1.0,1.0,1.0,1.0,1.0,0.0,0.0,0.0,0.0,0.0
230,190214017,0.63,,He,plasma (fired during relaxation),1850.0,2300.0,2000.0,1.0,1.0,1.0,1.0,1.0,1.0,1.0,1.0,1.0,1.0,1.0,1.0,0.0,0.0,0.0,0.0,0.0
231,190214018,0.54,,He,plasma (fired during relaxation),1850.0,2300.0,2000.0,1.0,1.0,1.0,1.0,1.0,1.0,1.0,1.0,1.0,1.0,1.0,1.0,0.0,0.0,0.0,0.0,0.0
232,190214019,1.9,,He,"plasma (fired ~during Itor max). Shot flipped out, could consider this a vacuum",1850.0,2350.0,2050.0,1.0,1.0,1.0,1.0,1.0,1.0,1.0,1.0,1.0,1.0,1.0,1.0,0.0,0.0,0.0,0.0,0.0
233,190214020,1.9,,He,"plasma (fired ~during Itor max). Shot flipped out, could consider this a vacuum",1850.0,2350.0,2050.0,1.0,1.0,1.0,1.0,1.0,1.0,1.0,1.0,1.0,1.0,1.0,1.0,0.0,0.0,0.0,0.0,0.0
234,190214021,1.9,,He,"plasma (fired ~during Itor max). Shot flipped out, could consider this a vacuum",1850.0,2350.0,2050.0,1.0,1.0,1.0,1.0,1.0,1.0,1.0,1.0,1.0,1.0,1.0,1.0,0.0,0.0,0.0,0.0,0.0
235,190214022,1.9,,He,"plasma (fired ~during Itor max). Shot flipped out, but laser still may have hit some plasma",1850.0,2350.0,2050.0,1.0,1.0,1.0,1.0,1.0,1.0,1.0,1.0,1.0,1.0,1.0,1.0,0.0,0.0,0.0,0.0,0.0
236,190214023,1.9,,He,plasma (fired ~during Itor max).,1850.0,2350.0,2050.0,1.0,1.0,1.0,1.0,1.0,1.0,1.0,1.0,1.0,1.0,1.0,1.0,0.0,0.0,0.0,0.0,0.0
237,190214024,1.65,,He,plasma (fired ~during Itor max). Shot flipped out,1850.0,2350.0,2050.0,1.0,1.0,1.0,1.0,1.0,1.0,1.0,1.0,1.0,1.0,1.0,1.0,0.0,0.0,0.0,0.0,0.0
238,190214025,1.65,,He,plasma (fired ~during Itor max).,1850.0,2350.0,2050.0,1.0,1.0,1.0,1.0,1.0,1.0,1.0,1.0,1.0,1.0,1.0,1.0,0.0,0.0,0.0,0.0,0.0
239,190219007,1.65,,V,polarizing filter removed,1850.0,2350.0,2050.0,1.0,1.0,1.0,1.0,1.0,1.0,1.0,1.0,1.0,1.0,1.0,1.0,0.0,0.0,0.0,0.0,0.0
240,190219008,1.65,,V,polarizing filter removed,1850.0,2350.0,2050.0,1.0,1.0,1.0,1.0,1.0,1.0,1.0,1.0,1.0,1.0,1.0,1.0,0.0,0.0,0.0,0.0,0.0
241,190219009,1.65,,He,plasma,1850.0,2350.0,2050.0,1.0,1.0,1.0,1.0,1.0,1.0,1.0,1.0,1.0,1.0,1.0,1.0,0.0,0.0,0.0,0.0,0.0
242,190219010,1.65,,He,repeat,1850.0,2350.0,2050.0,1.0,1.0,1.0,1.0,1.0,1.0,1.0,1.0,1.0,1.0,1.0,1.0,0.0,0.0,0.0,0.0,0.0
243,190219011,1.65,,D/He,37.7 kA,1850.0,2350.0,2050.0,1.0,1.0,1.0,1.0,1.0,1.0,1.0,1.0,1.0,1.0,1.0,1.0,0.0,0.0,0.0,0.0,0.0
244,190219012,1.65,,D/He,repeat,1850.0,2350.0,2050.0,1.0,1.0,1.0,1.0,1.0,1.0,1.0,1.0,1.0,1.0,1.0,1.0,0.0,0.0,0.0,0.0,0.0
245,190219013,1.65,,D/He,replaced polarizing filter,1850.0,2350.0,2050.0,1.0,1.0,1.0,1.0,1.0,1.0,1.0,1.0,1.0,1.0,1.0,1.0,0.0,0.0,0.0,0.0,0.0
246,190219014,1.65,,D/He,repeat,1850.0,2350.0,2050.0,1.0,1.0,1.0,1.0,1.0,1.0,1.0,1.0,1.0,1.0,1.0,1.0,0.0,0.0,0.0,0.0,0.0
247,190219015,1.65,,V,vacuum,1850.0,2350.0,2050.0,1.0,1.0,1.0,1.0,1.0,1.0,1.0,1.0,1.0,1.0,1.0,1.0,0.0,0.0,0.0,0.0,0.0
248,190219016,1.65,,V,vacuum,1850.0,2350.0,2050.0,1.0,1.0,1.0,1.0,1.0,1.0,1.0,1.0,1.0,1.0,1.0,1.0,0.0,0.0,0.0,0.0,0.0
249,190219017,2.1,,D/He,decay measurement,1850.0,2350.0,2050.0,1.0,1.0,1.0,1.0,1.0,1.0,1.0,1.0,1.0,1.0,1.0,1.0,0.0,0.0,0.0,0.0,0.0
250,190219018,2.1,,D/He,repeat,1850.0,2350.0,2050.0,1.0,1.0,1.0,1.0,1.0,1.0,1.0,1.0,1.0,1.0,1.0,1.0,0.0,0.0,0.0,0.0,0.0
251,190220003,2.1,,V,vacuum - didn't turn laser on,1850.0,2350.0,2050.0,1.0,1.0,1.0,1.0,1.0,1.0,1.0,1.0,1.0,1.0,1.0,1.0,0.0,0.0,0.0,0.0,0.0
252,190220004,2.1,,V,vacuum,1850.0,2350.0,2050.0,1.0,1.0,1.0,1.0,1.0,1.0,1.0,1.0,1.0,1.0,1.0,1.0,0.0,0.0,0.0,0.0,0.0
253,190220005,2.1,,V,vacuum,1850.0,2350.0,2050.0,1.0,1.0,1.0,1.0,1.0,1.0,1.0,1.0,1.0,1.0,1.0,1.0,0.0,0.0,0.0,0.0,0.0
254,190220006,2.1,,V,redo baseline,1850.0,2350.0,2050.0,1.0,1.0,1.0,1.0,1.0,1.0,1.0,1.0,1.0,1.0,1.0,1.0,0.0,0.0,0.0,0.0,0.0
255,190220007,2.1,,He,plasma,1850.0,2350.0,2050.0,1.0,1.0,1.0,1.0,1.0,1.0,1.0,1.0,1.0,1.0,1.0,1.0,0.0,0.0,0.0,0.0,0.0
256,190220008,1.8,,He,plasma with puff press 5000 torr - THAT'S A SPICY SIGNAL!,1850.0,2350.0,2050.0,1.0,1.0,1.0,1.0,1.0,1.0,1.0,1.0,1.0,1.0,1.0,1.0,0.0,0.0,0.0,0.0,0.0
257,190220009,1.8,,He,plasma with puff press 5000 torr - THAT'S A SPICY SIGNAL!,1850.0,2350.0,2050.0,1.0,1.0,1.0,1.0,1.0,1.0,1.0,1.0,1.0,1.0,1.0,1.0,0.0,0.0,0.0,0.0,0.0
258,190220010,1.8,,He,plasma with puff press 5000 torr - THAT'S A SPICY SIGNAL!,1850.0,2350.0,2050.0,1.0,1.0,1.0,1.0,1.0,1.0,1.0,1.0,1.0,1.0,1.0,1.0,0.0,0.0,0.0,0.0,0.0
259,190220011,1.8,,V,vacuum,1850.0,2350.0,2050.0,1.0,1.0,1.0,1.0,1.0,1.0,1.0,1.0,1.0,1.0,1.0,1.0,0.0,0.0,0.0,0.0,0.0
260,190220012,1.8,,He,plasma with puff press 5000 torr - THAT'S A SPICY SIGNAL!,1850.0,2350.0,2050.0,1.0,1.0,1.0,1.0,1.0,1.0,1.0,1.0,1.0,1.0,1.0,1.0,0.0,0.0,0.0,0.0,0.0
261,190220013,1.8,,He,plasma with puff press 5000 torr - THAT'S A SPICY SIGNAL!,1850.0,2350.0,2050.0,1.0,1.0,1.0,1.0,1.0,1.0,1.0,1.0,1.0,1.0,1.0,1.0,0.0,0.0,0.0,0.0,0.0
262,190226004,1.8,,V,"POLY5 IS ONLINE, TESTING",1850.0,2300.0,2000.0,0.0,0.0,1.0,1.0,1.0,1.0,1.0,1.0,1.0,1.0,1.0,1.0,1.0,1.0,1.0,1.0,1.0
263,190226005,1.8,,V,"POLY5 IS ONLINE, TESTING",1850.0,2300.0,2000.0,0.0,0.0,1.0,1.0,1.0,1.0,1.0,1.0,1.0,1.0,1.0,1.0,1.0,1.0,1.0,1.0,1.0
264,190226006,1.8,,V,"POLY5 IS ONLINE, TESTING",1850.0,2300.0,2000.0,0.0,0.0,1.0,1.0,1.0,1.0,1.0,1.0,1.0,1.0,1.0,1.0,1.0,1.0,1.0,1.0,1.0
265,190226007,1.8,,He,plasma,1850.0,2300.0,2000.0,0.0,0.0,1.0,1.0,1.0,1.0,1.0,1.0,1.0,1.0,1.0,1.0,1.0,1.0,1.0,1.0,1.0
266,190226008,1.8,,He,repeat,1850.0,2300.0,2000.0,0.0,0.0,1.0,1.0,1.0,1.0,1.0,1.0,1.0,1.0,1.0,1.0,1.0,1.0,1.0,1.0,1.0
267,190226009,1.8,,He,higher laser power - interesting!!,1850.0,2350.0,2050.0,0.0,0.0,1.0,1.0,1.0,1.0,1.0,1.0,1.0,1.0,1.0,1.0,1.0,1.0,1.0,1.0,1.0
268,190226010,1.8,,V,redo baseline,1850.0,2350.0,2050.0,0.0,0.0,1.0,1.0,1.0,1.0,1.0,1.0,1.0,1.0,1.0,1.0,1.0,1.0,1.0,1.0,1.0
269,190226011,1.8,,V,vacuum,1850.0,2350.0,2050.0,0.0,0.0,1.0,1.0,1.0,1.0,1.0,1.0,1.0,1.0,1.0,1.0,1.0,1.0,1.0,1.0,1.0
270,190226012,1.8,,He,plasma again,1850.0,2350.0,2050.0,0.0,0.0,1.0,1.0,1.0,1.0,1.0,1.0,1.0,1.0,1.0,1.0,1.0,1.0,1.0,1.0,1.0
271,190226013,1.8,,V,vacuum,1850.0,2350.0,2050.0,0.0,0.0,1.0,1.0,1.0,1.0,1.0,1.0,1.0,1.0,1.0,1.0,1.0,1.0,1.0,1.0,1.0
272,190227004,1.8,,V,vacuum,1850.0,2350.0,2050.0,0.0,0.0,1.0,1.0,1.0,1.0,1.0,1.0,1.0,1.0,1.0,1.0,1.0,1.0,1.0,1.0,1.0
273,190227005,1.8,,V,vacuum,1850.0,2350.0,2050.0,0.0,0.0,1.0,1.0,1.0,1.0,1.0,1.0,1.0,1.0,1.0,1.0,1.0,1.0,1.0,1.0,1.0
274,190227006,1.8,,He,plasma,1850.0,2350.0,2050.0,0.0,0.0,1.0,1.0,1.0,1.0,1.0,1.0,1.0,1.0,1.0,1.0,1.0,1.0,1.0,1.0,1.0
275,190227007,1.8,,He,plasma - channel 1s' amplitudes undersampled,1850.0,2350.0,2050.0,0.0,0.0,1.0,1.0,1.0,1.0,1.0,1.0,1.0,1.0,1.0,1.0,1.0,1.0,1.0,1.0,1.0
276,190227008,1.8,,He,plasma - ruby_mon saturated,1850.0,2350.0,2050.0,0.0,0.0,1.0,1.0,1.0,1.0,1.0,1.0,1.0,1.0,1.0,1.0,1.0,1.0,1.0,1.0,1.0
277,190227009,1.8,,He,plasma,1850.0,2350.0,2050.0,0.0,0.0,1.0,1.0,1.0,1.0,1.0,1.0,1.0,1.0,1.0,1.0,1.0,1.0,1.0,1.0,1.0
278,190227010,1.8,,He,plasma,1850.0,2350.0,2050.0,0.0,0.0,1.0,1.0,1.0,1.0,1.0,1.0,1.0,1.0,1.0,1.0,1.0,1.0,1.0,1.0,1.0
279,190227011,1.8,,V,vacuum,1850.0,2350.0,2050.0,0.0,0.0,1.0,1.0,1.0,1.0,1.0,1.0,1.0,1.0,1.0,1.0,1.0,1.0,1.0,1.0,1.0
280,190227012,1.8,,He,plasma - not the greatest signal. higher plasma power.,1850.0,2350.0,2050.0,0.0,0.0,1.0,1.0,1.0,1.0,1.0,1.0,1.0,1.0,1.0,1.0,1.0,1.0,1.0,1.0,1.0
281,190227013,1.8,,He,plasma,1850.0,2350.0,2050.0,0.0,0.0,1.0,1.0,1.0,1.0,1.0,1.0,1.0,1.0,1.0,1.0,1.0,1.0,1.0,1.0,1.0
282,190227014,1.8,,He,plasma - higher plasma power.,1850.0,2350.0,2050.0,0.0,0.0,1.0,1.0,1.0,1.0,1.0,1.0,1.0,1.0,1.0,1.0,1.0,1.0,1.0,1.0,1.0
283,190227015,1.8,,He,plasma,1850.0,2350.0,2050.0,0.0,0.0,1.0,1.0,1.0,1.0,1.0,1.0,1.0,1.0,1.0,1.0,1.0,1.0,1.0,1.0,1.0
284,190227016,1.8,,V,"plasma - laser fired way too late, this is a vacuum shot",1850.0,2350.0,2050.0,0.0,0.0,1.0,1.0,1.0,1.0,1.0,1.0,1.0,1.0,1.0,1.0,1.0,1.0,1.0,1.0,1.0
285,190227017,1.8,,D/He,plasma,1850.0,2350.0,2050.0,0.0,0.0,1.0,1.0,1.0,1.0,1.0,1.0,1.0,1.0,1.0,1.0,1.0,1.0,1.0,1.0,1.0
286,190227018,1.8,,V,baseline,1850.0,2350.0,2050.0,0.0,0.0,1.0,1.0,1.0,1.0,1.0,1.0,1.0,1.0,1.0,1.0,1.0,1.0,1.0,1.0,1.0
287,190227019,0.45,,D/He,plasma - trying to capture signal from giant density spike - missed it?,1850.0,2350.0,2050.0,0.0,0.0,1.0,1.0,1.0,1.0,1.0,1.0,1.0,1.0,1.0,1.0,1.0,1.0,1.0,1.0,1.0
288,190227020,0.427,,D/He,"plasma - trying to capture signal from giant density spike - found it, lots of saturating",1850.0,2350.0,2050.0,0.0,0.0,1.0,1.0,1.0,1.0,1.0,1.0,1.0,1.0,1.0,1.0,1.0,1.0,1.0,1.0,1.0
289,190227021,2.0,,D/He,plasma - trying to capture signal from giant density spike,1850.0,2350.0,2050.0,0.0,0.0,1.0,1.0,1.0,1.0,1.0,1.0,1.0,1.0,1.0,1.0,1.0,1.0,1.0,1.0,1.0
290,190228006,2.0,,V,vacuum,1850.0,2350.0,2050.0,0.0,0.0,1.0,1.0,1.0,1.0,1.0,1.0,1.0,1.0,1.0,1.0,1.0,1.0,1.0,1.0,1.0
291,190228007,2.0,,V,vacuum,1850.0,2350.0,2050.0,0.0,0.0,1.0,1.0,1.0,1.0,1.0,1.0,1.0,1.0,1.0,1.0,1.0,1.0,1.0,1.0,1.0
292,190228008,2.0,,He,plasma,1850.0,2350.0,2050.0,0.0,0.0,1.0,1.0,1.0,1.0,1.0,1.0,1.0,1.0,1.0,1.0,1.0,1.0,1.0,1.0,1.0
293,190228009,2.0,,He,laser didn't fire (60%V 50%F),1850.0,2350.0,2050.0,0.0,0.0,1.0,1.0,1.0,1.0,1.0,1.0,1.0,1.0,1.0,1.0,1.0,1.0,1.0,1.0,1.0
294,190228010,2.0,,He,plasma,1850.0,2350.0,2050.0,0.0,0.0,1.0,1.0,1.0,1.0,1.0,1.0,1.0,1.0,1.0,1.0,1.0,1.0,1.0,1.0,1.0
295,190228011,2.0,,He,laser fired late? looks like a vacuum,1850.0,2350.0,2050.0,0.0,0.0,1.0,1.0,1.0,1.0,1.0,1.0,1.0,1.0,1.0,1.0,1.0,1.0,1.0,1.0,1.0
296,190228012,2.0,,He,plasma,1850.0,2350.0,2050.0,0.0,0.0,1.0,1.0,1.0,1.0,1.0,1.0,1.0,1.0,1.0,1.0,1.0,1.0,1.0,1.0,1.0
297,190228013,2.0,,He,plasma - lower puff pressure,1850.0,2350.0,2050.0,0.0,0.0,1.0,1.0,1.0,1.0,1.0,1.0,1.0,1.0,1.0,1.0,1.0,1.0,1.0,1.0,1.0
298,190228014,2.0,,He,plasma - higher power - WOW!!,1850.0,2350.0,2050.0,0.0,0.0,1.0,1.0,1.0,1.0,1.0,1.0,1.0,1.0,1.0,1.0,1.0,1.0,1.0,1.0,1.0
299,190228015,1.75,,He,laser not triggered,1850.0,2350.0,2050.0,0.0,0.0,1.0,1.0,1.0,1.0,1.0,1.0,1.0,1.0,1.0,1.0,1.0,1.0,1.0,1.0,1.0
300,190228016,1.75,,He,plasma repeat,1850.0,2350.0,2050.0,0.0,0.0,1.0,1.0,1.0,1.0,1.0,1.0,1.0,1.0,1.0,1.0,1.0,1.0,1.0,1.0,1.0
301,190228017,1.35,,D/He,,1850.0,2350.0,2050.0,0.0,0.0,1.0,1.0,1.0,1.0,1.0,1.0,1.0,1.0,1.0,1.0,1.0,1.0,1.0,1.0,1.0
302,190228018,1.35,,D/He,,1850.0,2350.0,2050.0,0.0,0.0,1.0,1.0,1.0,1.0,1.0,1.0,1.0,1.0,1.0,1.0,1.0,1.0,1.0,1.0,1.0
303,190228019,1.35,,D/He,,1850.0,2350.0,2050.0,0.0,0.0,1.0,1.0,1.0,1.0,1.0,1.0,1.0,1.0,1.0,1.0,1.0,1.0,1.0,1.0,1.0
304,190228020,1.35,,D/He,,1850.0,2350.0,2050.0,0.0,0.0,1.0,1.0,1.0,1.0,1.0,1.0,1.0,1.0,1.0,1.0,1.0,1.0,1.0,1.0,1.0
305,190228021,1.35,,D/He,,1850.0,2350.0,2050.0,0.0,0.0,1.0,1.0,1.0,1.0,1.0,1.0,1.0,1.0,1.0,1.0,1.0,1.0,1.0,1.0,1.0
306,190305006,1.35,,V,vacuum,1850.0,2350.0,2050.0,0.0,0.0,1.0,1.0,1.0,1.0,1.0,1.0,1.0,1.0,1.0,1.0,1.0,1.0,1.0,1.0,1.0
307,190305007,1.35,,V,baseline,1850.0,2350.0,2050.0,0.0,0.0,1.0,1.0,1.0,1.0,1.0,1.0,1.0,1.0,1.0,1.0,1.0,1.0,1.0,1.0,1.0
308,190305008,1.8,,He,plasma - pre-PDC,1850.0,2350.0,2050.0,0.0,0.0,1.0,1.0,1.0,1.0,1.0,1.0,1.0,1.0,1.0,1.0,1.0,1.0,1.0,1.0,1.0
309,190305009,1.8,,He,plasma - post-PDC,1850.0,2350.0,2050.0,0.0,0.0,1.0,1.0,1.0,1.0,1.0,1.0,1.0,1.0,1.0,1.0,1.0,1.0,1.0,1.0,1.0
310,190305010,1.8,,He,plasma - higher power,1850.0,2350.0,2050.0,0.0,0.0,1.0,1.0,1.0,1.0,1.0,1.0,1.0,1.0,1.0,1.0,1.0,1.0,1.0,1.0,1.0
311,190305011,1.8,,He,plasma - higher power - but laser didn't fire,1850.0,2350.0,2050.0,0.0,0.0,1.0,1.0,1.0,1.0,1.0,1.0,1.0,1.0,1.0,1.0,1.0,1.0,1.0,1.0,1.0
312,190305012,1.8,,He,"repeat - TS_TRIG at peak of i_inj_a, low point in bolometer",1850.0,2350.0,2050.0,0.0,0.0,1.0,1.0,1.0,1.0,1.0,1.0,1.0,1.0,1.0,1.0,1.0,1.0,1.0,1.0,1.0
313,190305013,1.8127,,He,"delay TS_TRIG to middle of i_inj_a osc, still low point in bolometer. - shot hung/scrapped",1850.0,2350.0,2050.0,0.0,0.0,1.0,1.0,1.0,1.0,1.0,1.0,1.0,1.0,1.0,1.0,1.0,1.0,1.0,1.0,1.0
314,190305014,1.8127,,He,"delay TS_TRIG to middle of i_inj_a osc, still low point in bolometer, saturated on poly4_3",1850.0,2350.0,2050.0,0.0,0.0,1.0,1.0,1.0,1.0,1.0,1.0,1.0,1.0,1.0,1.0,1.0,1.0,1.0,1.0,1.0
315,190305015,1.8127,,He,"delay TS_TRIG to middle of i_inj_a osc, still low point in bolometer, saturated on poly4_3",1850.0,2350.0,2050.0,0.0,0.0,1.0,1.0,1.0,1.0,1.0,1.0,1.0,1.0,1.0,1.0,1.0,1.0,1.0,1.0,1.0
316,190305016,1.8293,,He,"delay TS_TRIG to low of i_inj_a osc, high point of bolometer, saturation on poly4_4",1850.0,2350.0,2050.0,0.0,0.0,1.0,1.0,1.0,1.0,1.0,1.0,1.0,1.0,1.0,1.0,1.0,1.0,1.0,1.0,1.0
317,190305017,1.8293,,He,"delay TS_TRIG to low of i_inj_a osc, high point of bolometer, saturation on poly4_4",1850.0,2350.0,2050.0,0.0,0.0,1.0,1.0,1.0,1.0,1.0,1.0,1.0,1.0,1.0,1.0,1.0,1.0,1.0,1.0,1.0
318,190305018,1.8293,,V,baseline,1850.0,2350.0,2050.0,0.0,0.0,1.0,1.0,1.0,1.0,1.0,1.0,1.0,1.0,1.0,1.0,1.0,1.0,1.0,1.0,1.0
319,190305019,1.8293,,D/He,"deuterium, first shot, high/long puff",1850.0,2350.0,2050.0,0.0,0.0,1.0,1.0,1.0,1.0,1.0,1.0,1.0,1.0,1.0,1.0,1.0,1.0,1.0,1.0,1.0
320,190305020,1.45,,D/He,"deuterium, shorter shot (1.6ms), poly4_4 saturated",1850.0,2350.0,2050.0,0.0,0.0,1.0,1.0,1.0,1.0,1.0,1.0,1.0,1.0,1.0,1.0,1.0,1.0,1.0,1.0,1.0
321,190305021,1.45,,D/He,repeat,1850.0,2350.0,2050.0,0.0,0.0,1.0,1.0,1.0,1.0,1.0,1.0,1.0,1.0,1.0,1.0,1.0,1.0,1.0,1.0,1.0
322,190305022,1.45,,D/He,repeat,1850.0,2350.0,2050.0,0.0,0.0,1.0,1.0,1.0,1.0,1.0,1.0,1.0,1.0,1.0,1.0,1.0,1.0,1.0,1.0,1.0
323,190305023,1.45,,D/He,"deuterium, shorter shot (1.6ms), poly4_4 saturated",1850.0,2350.0,2050.0,0.0,0.0,1.0,1.0,1.0,1.0,1.0,1.0,1.0,1.0,1.0,1.0,1.0,1.0,1.0,1.0,1.0
324,190306004,1.45,,V,vacuum - upped the oscillator voltage,1900.0,2350.0,2050.0,0.0,0.0,1.0,1.0,1.0,1.0,1.0,1.0,1.0,1.0,1.0,1.0,1.0,1.0,1.0,1.0,1.0
325,190306005,1.45,,He,plasma - good signal but poly4_4 saturated :(,1900.0,2350.0,2050.0,0.0,0.0,1.0,1.0,1.0,1.0,1.0,1.0,1.0,1.0,1.0,1.0,1.0,1.0,1.0,1.0,1.0
326,190306006,1.45,,He,repeat - good signal!?,1900.0,2350.0,2050.0,0.0,0.0,1.0,1.0,1.0,1.0,1.0,1.0,1.0,1.0,1.0,1.0,1.0,1.0,1.0,1.0,1.0
327,190306007,1.75,,He,higher power - fired during decay,1900.0,2350.0,2050.0,0.0,0.0,1.0,1.0,1.0,1.0,1.0,1.0,1.0,1.0,1.0,1.0,1.0,1.0,1.0,1.0,1.0
328,190306008,1.75,,V,baseline,1900.0,2350.0,2050.0,0.0,0.0,1.0,1.0,1.0,1.0,1.0,1.0,1.0,1.0,1.0,1.0,1.0,1.0,1.0,1.0,1.0
329,190306009,1.45,,V,baseline,1900.0,2350.0,2050.0,0.0,0.0,1.0,1.0,1.0,1.0,1.0,1.0,1.0,1.0,1.0,1.0,1.0,1.0,1.0,1.0,1.0
330,190306010,1.45,,He,repeat,1900.0,2350.0,2050.0,0.0,0.0,1.0,1.0,1.0,1.0,1.0,1.0,1.0,1.0,1.0,1.0,1.0,1.0,1.0,1.0,1.0
331,190306011,1.45,,He,repeat - very good signal,1900.0,2350.0,2050.0,0.0,0.0,1.0,1.0,1.0,1.0,1.0,1.0,1.0,1.0,1.0,1.0,1.0,1.0,1.0,1.0,1.0
332,190306012,1.45,,He,higher power,1900.0,2350.0,2050.0,0.0,0.0,1.0,1.0,1.0,1.0,1.0,1.0,1.0,1.0,1.0,1.0,1.0,1.0,1.0,1.0,1.0
333,190306013,1.45,,He,raised puff,1900.0,2350.0,2050.0,0.0,0.0,1.0,1.0,1.0,1.0,1.0,1.0,1.0,1.0,1.0,1.0,1.0,1.0,1.0,1.0,1.0
334,190306014,1.45,,He,higher power (),1900.0,2350.0,2050.0,0.0,0.0,1.0,1.0,1.0,1.0,1.0,1.0,1.0,1.0,1.0,1.0,1.0,1.0,1.0,1.0,1.0
335,190306015,1.45,,V,vacuum,1900.0,2350.0,2050.0,0.0,0.0,1.0,1.0,1.0,1.0,1.0,1.0,1.0,1.0,1.0,1.0,1.0,1.0,1.0,1.0,1.0
336,190306016,1.45,,He,"repeat of 14 - itor went negative, resulting in all sorts of weirdness.",1900.0,2350.0,2050.0,0.0,0.0,1.0,1.0,1.0,1.0,1.0,1.0,1.0,1.0,1.0,1.0,1.0,1.0,1.0,1.0,1.0
337,190306017,1.45,,He,repeat - positive itor,1900.0,2350.0,2050.0,0.0,0.0,1.0,1.0,1.0,1.0,1.0,1.0,1.0,1.0,1.0,1.0,1.0,1.0,1.0,1.0,1.0
338,190306018,1.45,,He,higher power,1900.0,2350.0,2050.0,0.0,0.0,1.0,1.0,1.0,1.0,1.0,1.0,1.0,1.0,1.0,1.0,1.0,1.0,1.0,1.0,1.0
339,190306019,1.45,,He,increased puff time. poly4_3 saturated high.,1900.0,2350.0,2050.0,0.0,0.0,1.0,1.0,1.0,1.0,1.0,1.0,1.0,1.0,1.0,1.0,1.0,1.0,1.0,1.0,1.0
340,190306020,1.45,,He,repeat,1900.0,2350.0,2050.0,0.0,0.0,1.0,1.0,1.0,1.0,1.0,1.0,1.0,1.0,1.0,1.0,1.0,1.0,1.0,1.0,1.0
341,190306021,1.45,,He,higher power - laser fired late.,1900.0,2350.0,2050.0,0.0,0.0,1.0,1.0,1.0,1.0,1.0,1.0,1.0,1.0,1.0,1.0,1.0,1.0,1.0,1.0,1.0
342,190306022,1.45,,He,repeat - negative itor,1900.0,2350.0,2050.0,0.0,0.0,1.0,1.0,1.0,1.0,1.0,1.0,1.0,1.0,1.0,1.0,1.0,1.0,1.0,1.0,1.0
343,190306023,1.45,,He,"longer pre-puff, good signal but saturates at points",1900.0,2350.0,2050.0,0.0,0.0,1.0,1.0,1.0,1.0,1.0,1.0,1.0,1.0,1.0,1.0,1.0,1.0,1.0,1.0,1.0
344,190306024,1.45,,He,repeat - pretty good signal?,1900.0,2350.0,2050.0,0.0,0.0,1.0,1.0,1.0,1.0,1.0,1.0,1.0,1.0,1.0,1.0,1.0,1.0,1.0,1.0,1.0
345,190306025,1.45,,He,repeat - very good signal!,1900.0,2350.0,2050.0,0.0,0.0,1.0,1.0,1.0,1.0,1.0,1.0,1.0,1.0,1.0,1.0,1.0,1.0,1.0,1.0,1.0
346,190306026,1.45,,V,vacuum,1900.0,2350.0,2050.0,0.0,0.0,1.0,1.0,1.0,1.0,1.0,1.0,1.0,1.0,1.0,1.0,1.0,1.0,1.0,1.0,1.0
347,190306027,1.45,,He,repeat - ok signal,1900.0,2350.0,2050.0,0.0,0.0,1.0,1.0,1.0,1.0,1.0,1.0,1.0,1.0,1.0,1.0,1.0,1.0,1.0,1.0,1.0
348,190306028,1.45,,He,repeat - very good signal but some saturation points,1900.0,2350.0,2050.0,0.0,0.0,1.0,1.0,1.0,1.0,1.0,1.0,1.0,1.0,1.0,1.0,1.0,1.0,1.0,1.0,1.0
349,190306029,1.45,,He,repeat - very good signal but some saturation points,1900.0,2350.0,2050.0,0.0,0.0,1.0,1.0,1.0,1.0,1.0,1.0,1.0,1.0,1.0,1.0,1.0,1.0,1.0,1.0,1.0
350,190307004,1.45,,V,vacuum,1900.0,2350.0,2050.0,0.0,0.0,1.0,1.0,1.0,1.0,1.0,1.0,1.0,1.0,1.0,1.0,1.0,1.0,1.0,1.0,1.0
351,190307005,1.45,,V,vacuum - not digitized,1900.0,2350.0,2050.0,0.0,0.0,1.0,1.0,1.0,1.0,1.0,1.0,1.0,1.0,1.0,1.0,1.0,1.0,1.0,1.0,1.0
352,190307006,1.45,,V,baseline,1900.0,2350.0,2050.0,0.0,0.0,1.0,1.0,1.0,1.0,1.0,1.0,1.0,1.0,1.0,1.0,1.0,1.0,1.0,1.0,1.0
353,190307007,1.45,,He,plasma - 40% warmup - very good signal,1900.0,2350.0,2050.0,0.0,0.0,1.0,1.0,1.0,1.0,1.0,1.0,1.0,1.0,1.0,1.0,1.0,1.0,1.0,1.0,1.0
354,190307008,1.45,,He,"higher power - not great signal, a lot of noise. why?",1900.0,2350.0,2050.0,0.0,0.0,1.0,1.0,1.0,1.0,1.0,1.0,1.0,1.0,1.0,1.0,1.0,1.0,1.0,1.0,1.0
355,190307009,1.45,,D/He,D shot with a lot of gas. negative I_tor. a lot of noise.,1900.0,2350.0,2050.0,0.0,0.0,1.0,1.0,1.0,1.0,1.0,1.0,1.0,1.0,1.0,1.0,1.0,1.0,1.0,1.0,1.0
356,190307010,1.45,,D/He,D shot with less puffing. negative I_tor. a lot of noise.,1900.0,2350.0,2050.0,0.0,0.0,1.0,1.0,1.0,1.0,1.0,1.0,1.0,1.0,1.0,1.0,1.0,1.0,1.0,1.0,1.0
357,190307011,1.45,,D/He,D shot with less puffing. negative I_tor. a lot of noise.,1900.0,2350.0,2050.0,0.0,0.0,1.0,1.0,1.0,1.0,1.0,1.0,1.0,1.0,1.0,1.0,1.0,1.0,1.0,1.0,1.0
358,190307012,1.45,,D/He,D shot with less puffing. negative I_tor. a lot of noise.,1900.0,2350.0,2050.0,0.0,0.0,1.0,1.0,1.0,1.0,1.0,1.0,1.0,1.0,1.0,1.0,1.0,1.0,1.0,1.0,1.0
359,190307013,1.45,,D/He,D shot with less puffing. positive I_tor. still a lot of noise.,1900.0,2350.0,2050.0,0.0,0.0,1.0,1.0,1.0,1.0,1.0,1.0,1.0,1.0,1.0,1.0,1.0,1.0,1.0,1.0,1.0
360,190307014,1.45,,D/He,laser not triggered.,1900.0,2350.0,2050.0,0.0,0.0,1.0,1.0,1.0,1.0,1.0,1.0,1.0,1.0,1.0,1.0,1.0,1.0,1.0,1.0,1.0
361,190307015,1.45,,D/He,repeat of 13. pretty good signal.,1900.0,2350.0,2050.0,0.0,0.0,1.0,1.0,1.0,1.0,1.0,1.0,1.0,1.0,1.0,1.0,1.0,1.0,1.0,1.0,1.0
362,190307016,1.55,,D/He,repeat of 13. multiple saturations. noisy.,1900.0,2350.0,2050.0,0.0,0.0,1.0,1.0,1.0,1.0,1.0,1.0,1.0,1.0,1.0,1.0,1.0,1.0,1.0,1.0,1.0
363,190307017,1.55,,D/He,repeat of 13. multiple saturations. noisy.,1900.0,2350.0,2050.0,0.0,0.0,1.0,1.0,1.0,1.0,1.0,1.0,1.0,1.0,1.0,1.0,1.0,1.0,1.0,1.0,1.0
364,190307018,1.73,,D/He,negative itor. better signal.,1900.0,2350.0,2050.0,0.0,0.0,1.0,1.0,1.0,1.0,1.0,1.0,1.0,1.0,1.0,1.0,1.0,1.0,1.0,1.0,1.0
365,190307019,1.73,,D/He,lower puff,1900.0,2350.0,2050.0,0.0,0.0,1.0,1.0,1.0,1.0,1.0,1.0,1.0,1.0,1.0,1.0,1.0,1.0,1.0,1.0,1.0
366,190307020,1.5,,D/He,higher power.,1900.0,2350.0,2050.0,0.0,0.0,1.0,1.0,1.0,1.0,1.0,1.0,1.0,1.0,1.0,1.0,1.0,1.0,1.0,1.0,1.0
367,190307021,1.539,,D/He,"shot faulted, vacuum shot essentially",1900.0,2350.0,2050.0,0.0,0.0,1.0,1.0,1.0,1.0,1.0,1.0,1.0,1.0,1.0,1.0,1.0,1.0,1.0,1.0,1.0
368,190307022,1.539,,D/He,"positive itor, mediocre signal on p3.",1900.0,2350.0,2050.0,0.0,0.0,1.0,1.0,1.0,1.0,1.0,1.0,1.0,1.0,1.0,1.0,1.0,1.0,1.0,1.0,1.0
369,190307023,1.539,,D/He,"positive itor, pretty noisy but should be looked at.",1900.0,2350.0,2050.0,0.0,0.0,1.0,1.0,1.0,1.0,1.0,1.0,1.0,1.0,1.0,1.0,1.0,1.0,1.0,1.0,1.0
370,190307024,1.2,,D/He,"positive itor, pretty noisy but should be looked at.",1900.0,2350.0,2050.0,0.0,0.0,1.0,1.0,1.0,1.0,1.0,1.0,1.0,1.0,1.0,1.0,1.0,1.0,1.0,1.0,1.0
371,190307025,1.2,,D/He,"positive itor, pretty noisy but should be looked at.",1900.0,2350.0,2050.0,0.0,0.0,1.0,1.0,1.0,1.0,1.0,1.0,1.0,1.0,1.0,1.0,1.0,1.0,1.0,1.0,1.0
372,190314006,1.2,,V,vacuum,1900.0,2350.0,2050.0,0.0,0.0,1.0,1.0,1.0,1.0,1.0,1.0,1.0,1.0,1.0,1.0,1.0,1.0,1.0,1.0,1.0
373,190314007,1.2,,He,plasma - 40% warmup,1900.0,2350.0,2050.0,0.0,0.0,1.0,1.0,1.0,1.0,1.0,1.0,1.0,1.0,1.0,1.0,1.0,1.0,1.0,1.0,1.0
374,190314008,1.2,,He,plasma - higher power,1900.0,2350.0,2050.0,0.0,0.0,1.0,1.0,1.0,1.0,1.0,1.0,1.0,1.0,1.0,1.0,1.0,1.0,1.0,1.0,1.0
375,190314009,1.2,,He,repeat,1900.0,2350.0,2050.0,0.0,0.0,1.0,1.0,1.0,1.0,1.0,1.0,1.0,1.0,1.0,1.0,1.0,1.0,1.0,1.0,1.0
376,190314010,1.2,,He,shorter puff,1900.0,2350.0,2050.0,0.0,0.0,1.0,1.0,1.0,1.0,1.0,1.0,1.0,1.0,1.0,1.0,1.0,1.0,1.0,1.0,1.0
377,190314011,1.2,,He,shorter puff,1900.0,2350.0,2050.0,0.0,0.0,1.0,1.0,1.0,1.0,1.0,1.0,1.0,1.0,1.0,1.0,1.0,1.0,1.0,1.0,1.0
378,190314012,1.22,,He,higher power,1900.0,2350.0,2050.0,0.0,0.0,1.0,1.0,1.0,1.0,1.0,1.0,1.0,1.0,1.0,1.0,1.0,1.0,1.0,1.0,1.0
379,190314013,1.22,,D/He,D1,1900.0,2350.0,2050.0,0.0,0.0,1.0,1.0,1.0,1.0,1.0,1.0,1.0,1.0,1.0,1.0,1.0,1.0,1.0,1.0,1.0
380,190314014,1.22,,D/He,D2 shorter puff,1900.0,2350.0,2050.0,0.0,0.0,1.0,1.0,1.0,1.0,1.0,1.0,1.0,1.0,1.0,1.0,1.0,1.0,1.0,1.0,1.0
381,190314015,1.22,,D/He,D3 lower puff pressure,1900.0,2350.0,2050.0,0.0,0.0,1.0,1.0,1.0,1.0,1.0,1.0,1.0,1.0,1.0,1.0,1.0,1.0,1.0,1.0,1.0
382,190314016,1.22,,D/He,"D4 higher laser power, more voltage",1950.0,2400.0,2050.0,0.0,0.0,1.0,1.0,1.0,1.0,1.0,1.0,1.0,1.0,1.0,1.0,1.0,1.0,1.0,1.0,1.0
383,190314017,1.22,,D/He,"faults everywhere, this is a vacuum shot",1950.0,2400.0,2050.0,0.0,0.0,1.0,1.0,1.0,1.0,1.0,1.0,1.0,1.0,1.0,1.0,1.0,1.0,1.0,1.0,1.0
384,190314018,1.22,,D/He,meh,1950.0,2400.0,2050.0,0.0,0.0,1.0,1.0,1.0,1.0,1.0,1.0,1.0,1.0,1.0,1.0,1.0,1.0,1.0,1.0,1.0
385,190320005,1.22,,V,vacuum,1900.0,2350.0,2050.0,0.0,0.0,1.0,1.0,1.0,1.0,1.0,1.0,1.0,1.0,1.0,1.0,1.0,1.0,1.0,1.0,1.0
386,190320009,1.22,,He,plasma pre-PDC,1900.0,2350.0,2050.0,0.0,0.0,1.0,1.0,1.0,1.0,1.0,1.0,1.0,1.0,1.0,1.0,1.0,1.0,1.0,1.0,1.0
387,190320011,1.22,,He,plasma post-PDC,1900.0,2350.0,2050.0,0.0,0.0,1.0,1.0,1.0,1.0,1.0,1.0,1.0,1.0,1.0,1.0,1.0,1.0,1.0,1.0,1.0
388,190320012,1.22,,He,"higher power, shorter shot",1900.0,2350.0,2050.0,0.0,0.0,1.0,1.0,1.0,1.0,1.0,1.0,1.0,1.0,1.0,1.0,1.0,1.0,1.0,1.0,1.0
389,190320013,1.22,,He,repeat,1900.0,2350.0,2050.0,0.0,0.0,1.0,1.0,1.0,1.0,1.0,1.0,1.0,1.0,1.0,1.0,1.0,1.0,1.0,1.0,1.0
390,190320014,0.55,,He,"repeat, earlier laser fire - looks like a vacuum shot. a lot of missing data.",1900.0,2350.0,2050.0,0.0,0.0,1.0,1.0,1.0,1.0,1.0,1.0,1.0,1.0,1.0,1.0,1.0,1.0,1.0,1.0,1.0
391,190320015,1.55,,D,"Deuterium only - shot didn't fire, laser fired late. ",1900.0,2350.0,2050.0,0.0,0.0,1.0,1.0,1.0,1.0,1.0,1.0,1.0,1.0,1.0,1.0,1.0,1.0,1.0,1.0,1.0
392,190320016,1.55,,D,"try again, late relaxation?",1900.0,2350.0,2050.0,0.0,0.0,1.0,1.0,1.0,1.0,1.0,1.0,1.0,1.0,1.0,1.0,1.0,1.0,1.0,1.0,1.0
393,190320017,1.55,,D,laser didn't fire/was late,1900.0,2350.0,2050.0,0.0,0.0,1.0,1.0,1.0,1.0,1.0,1.0,1.0,1.0,1.0,1.0,1.0,1.0,1.0,1.0,1.0
394,190320018,1.55,,D,"repeat, laser fired, some signal",1900.0,2350.0,2050.0,0.0,0.0,1.0,1.0,1.0,1.0,1.0,1.0,1.0,1.0,1.0,1.0,1.0,1.0,1.0,1.0,1.0
395,190320019,1.55,,D,TS off,1900.0,2350.0,2050.0,0.0,0.0,1.0,1.0,1.0,1.0,1.0,1.0,1.0,1.0,1.0,1.0,1.0,1.0,1.0,1.0,1.0
396,190320020,1.45,,D,,1900.0,2350.0,2050.0,0.0,0.0,1.0,1.0,1.0,1.0,1.0,1.0,1.0,1.0,1.0,1.0,1.0,1.0,1.0,1.0,1.0
397,190321007,1.45,,He,plasma test - ~3ms shot length,1900.0,2350.0,2050.0,0.0,0.0,1.0,1.0,1.0,1.0,1.0,1.0,1.0,1.0,1.0,1.0,1.0,1.0,1.0,1.0,1.0
398,190321008,2.5,,He,,1900.0,2350.0,2050.0,0.0,0.0,1.0,1.0,1.0,1.0,1.0,1.0,1.0,1.0,1.0,1.0,1.0,1.0,1.0,1.0,1.0
399,190321009,2.5,,He,,1900.0,2350.0,2050.0,0.0,0.0,1.0,1.0,1.0,1.0,1.0,1.0,1.0,1.0,1.0,1.0,1.0,1.0,1.0,1.0,1.0
400,190321010,3.0,,He,,1900.0,2350.0,2050.0,0.0,0.0,1.0,1.0,1.0,1.0,1.0,1.0,1.0,1.0,1.0,1.0,1.0,1.0,1.0,1.0,1.0
401,190321011,3.12,,He,,1900.0,2350.0,2050.0,0.0,0.0,1.0,1.0,1.0,1.0,1.0,1.0,1.0,1.0,1.0,1.0,1.0,1.0,1.0,1.0,1.0
402,190321012,3.12,,He,,1900.0,2350.0,2050.0,0.0,0.0,1.0,1.0,1.0,1.0,1.0,1.0,1.0,1.0,1.0,1.0,1.0,1.0,1.0,1.0,1.0
403,190321013,3.12,,He,Laser didn't fire,1900.0,2350.0,2050.0,0.0,0.0,1.0,1.0,1.0,1.0,1.0,1.0,1.0,1.0,1.0,1.0,1.0,1.0,1.0,1.0,1.0
404,190321014,3.12,,He,turning TS off,1900.0,2350.0,2050.0,0.0,0.0,1.0,1.0,1.0,1.0,1.0,1.0,1.0,1.0,1.0,1.0,1.0,1.0,1.0,1.0,1.0
405,190327006,3.12,,V,vacuum,1900.0,2350.0,2050.0,0.0,0.0,1.0,1.0,1.0,1.0,1.0,1.0,1.0,1.0,1.0,1.0,1.0,1.0,1.0,1.0,1.0
406,190327007,3.12,,V,vacuum,1900.0,2350.0,2050.0,0.0,0.0,1.0,1.0,1.0,1.0,1.0,1.0,1.0,1.0,1.0,1.0,1.0,1.0,1.0,1.0,1.0
407,190327008,1.6,,He,plasma - weird photodiode signal,1900.0,2350.0,2050.0,0.0,0.0,1.0,1.0,1.0,1.0,1.0,1.0,1.0,1.0,1.0,1.0,1.0,1.0,1.0,1.0,1.0
408,190327009,1.6,,He,good signal,1900.0,2350.0,2050.0,0.0,0.0,1.0,1.0,1.0,1.0,1.0,1.0,1.0,1.0,1.0,1.0,1.0,1.0,1.0,1.0,1.0
409,190327010,2.0,,He,"new time, ok",1900.0,2350.0,2050.0,0.0,0.0,1.0,1.0,1.0,1.0,1.0,1.0,1.0,1.0,1.0,1.0,1.0,1.0,1.0,1.0,1.0
410,190327011,2.0,,He,repeat - eh,1900.0,2350.0,2050.0,0.0,0.0,1.0,1.0,1.0,1.0,1.0,1.0,1.0,1.0,1.0,1.0,1.0,1.0,1.0,1.0,1.0
411,190327012,2.0,,He,repeat - good,1900.0,2350.0,2050.0,0.0,0.0,1.0,1.0,1.0,1.0,1.0,1.0,1.0,1.0,1.0,1.0,1.0,1.0,1.0,1.0,1.0
412,190327013,2.0,,He,repeat - higher power,1900.0,2350.0,2050.0,0.0,0.0,1.0,1.0,1.0,1.0,1.0,1.0,1.0,1.0,1.0,1.0,1.0,1.0,1.0,1.0,1.0
413,190327014,2.0,,D/He,Deuterium,1900.0,2350.0,2050.0,0.0,0.0,1.0,1.0,1.0,1.0,1.0,1.0,1.0,1.0,1.0,1.0,1.0,1.0,1.0,1.0,1.0
414,190327015,2.0,,D/He,repeat - higher power,1900.0,2350.0,2050.0,0.0,0.0,1.0,1.0,1.0,1.0,1.0,1.0,1.0,1.0,1.0,1.0,1.0,1.0,1.0,1.0,1.0
415,190327016,1.9,,D/He,"repeat - higher power, lower puff",1900.0,2400.0,2100.0,0.0,0.0,1.0,1.0,1.0,1.0,1.0,1.0,1.0,1.0,1.0,1.0,1.0,1.0,1.0,1.0,1.0
416,190327017,1.98,,D/He,"repeat - more laser energy, saturations everywhere but some signal",1950.0,2400.0,2100.0,0.0,0.0,1.0,1.0,1.0,1.0,1.0,1.0,1.0,1.0,1.0,1.0,1.0,1.0,1.0,1.0,1.0
417,190327018,1.88,,D/He,repeat - so much saturation,1950.0,2400.0,2100.0,0.0,0.0,1.0,1.0,1.0,1.0,1.0,1.0,1.0,1.0,1.0,1.0,1.0,1.0,1.0,1.0,1.0
418,190327019,1.98,,D/He,repeat - still much saturation,1950.0,2400.0,2100.0,0.0,0.0,1.0,1.0,1.0,1.0,1.0,1.0,1.0,1.0,1.0,1.0,1.0,1.0,1.0,1.0,1.0
419,190327020,2.1,,D/He,decay timepoint 1,1950.0,2400.0,2100.0,0.0,0.0,1.0,1.0,1.0,1.0,1.0,1.0,1.0,1.0,1.0,1.0,1.0,1.0,1.0,1.0,1.0
420,190327021,2.1,,D/He,repeat decay timepoint 1,1950.0,2400.0,2100.0,0.0,0.0,1.0,1.0,1.0,1.0,1.0,1.0,1.0,1.0,1.0,1.0,1.0,1.0,1.0,1.0,1.0
421,190327022,2.15,,D/He,repeat decay timepoint 2,1950.0,2400.0,2100.0,0.0,0.0,1.0,1.0,1.0,1.0,1.0,1.0,1.0,1.0,1.0,1.0,1.0,1.0,1.0,1.0,1.0
422,190327023,2.15,,D/He,repeat decay timepoint 2,1950.0,2400.0,2100.0,0.0,0.0,1.0,1.0,1.0,1.0,1.0,1.0,1.0,1.0,1.0,1.0,1.0,1.0,1.0,1.0,1.0
423,190327024,2.15,,D/He,repeat decay timepoint 2,1950.0,2400.0,2100.0,0.0,0.0,1.0,1.0,1.0,1.0,1.0,1.0,1.0,1.0,1.0,1.0,1.0,1.0,1.0,1.0,1.0
424,190327025,2.15,,D/He,vacuum,1950.0,2400.0,2100.0,0.0,0.0,1.0,1.0,1.0,1.0,1.0,1.0,1.0,1.0,1.0,1.0,1.0,1.0,1.0,1.0,1.0
425,190327026,2.2,,D/He,vacuum,1950.0,2400.0,2100.0,0.0,0.0,1.0,1.0,1.0,1.0,1.0,1.0,1.0,1.0,1.0,1.0,1.0,1.0,1.0,1.0,1.0
426,190327027,2.2,,D/He,repeat decay timepoint 3 - good signal,1950.0,2400.0,2100.0,0.0,0.0,1.0,1.0,1.0,1.0,1.0,1.0,1.0,1.0,1.0,1.0,1.0,1.0,1.0,1.0,1.0
427,190327028,2.2,,D/He,repeat decay timepoint 3 ,1950.0,2400.0,2100.0,0.0,0.0,1.0,1.0,1.0,1.0,1.0,1.0,1.0,1.0,1.0,1.0,1.0,1.0,1.0,1.0,1.0
428,190328014,2.2,,D/He,plasma,1850.0,2350.0,2050.0,0.0,0.0,1.0,1.0,1.0,1.0,1.0,1.0,1.0,1.0,1.0,1.0,1.0,1.0,1.0,1.0,1.0
429,190328015,1.8,,D,D only - check saturation?,1850.0,2350.0,2050.0,0.0,0.0,1.0,1.0,1.0,1.0,1.0,1.0,1.0,1.0,1.0,1.0,1.0,1.0,1.0,1.0,1.0
430,190328016,1.8,,D,more power,1850.0,2350.0,2050.0,0.0,0.0,1.0,1.0,1.0,1.0,1.0,1.0,1.0,1.0,1.0,1.0,1.0,1.0,1.0,1.0,1.0
431,190328017,1.8,,D,more power?,1850.0,2350.0,2050.0,0.0,0.0,1.0,1.0,1.0,1.0,1.0,1.0,1.0,1.0,1.0,1.0,1.0,1.0,1.0,1.0,1.0
432,190328018,1.8,,D,more power - not great signal,1850.0,2350.0,2050.0,0.0,0.0,1.0,1.0,1.0,1.0,1.0,1.0,1.0,1.0,1.0,1.0,1.0,1.0,1.0,1.0,1.0
433,190328019,1.85,,D,,1950.0,2400.0,2150.0,0.0,0.0,1.0,1.0,1.0,1.0,1.0,1.0,1.0,1.0,1.0,1.0,1.0,1.0,1.0,1.0,1.0
434,190328020,1.85,,D,good signal,1950.0,2400.0,2150.0,0.0,0.0,1.0,1.0,1.0,1.0,1.0,1.0,1.0,1.0,1.0,1.0,1.0,1.0,1.0,1.0,1.0
435,190328021,1.85,,D,weird laser signal,1950.0,2400.0,2150.0,0.0,0.0,1.0,1.0,1.0,1.0,1.0,1.0,1.0,1.0,1.0,1.0,1.0,1.0,1.0,1.0,1.0
436,190328022,1.85,,D,not great,1950.0,2400.0,2150.0,0.0,0.0,1.0,1.0,1.0,1.0,1.0,1.0,1.0,1.0,1.0,1.0,1.0,1.0,1.0,1.0,1.0
437,190328023,1.85,,D,not great,1950.0,2400.0,2150.0,0.0,0.0,1.0,1.0,1.0,1.0,1.0,1.0,1.0,1.0,1.0,1.0,1.0,1.0,1.0,1.0,1.0
438,190328024,1.85,,V,vacuum,1950.0,2400.0,2150.0,0.0,0.0,1.0,1.0,1.0,1.0,1.0,1.0,1.0,1.0,1.0,1.0,1.0,1.0,1.0,1.0,1.0
439,190403007,1.85,,V,"vac (laser in manual mode, didn't fire)",1950.0,2400.0,2150.0,0.0,0.0,1.0,1.0,1.0,1.0,1.0,1.0,1.0,1.0,1.0,1.0,1.0,1.0,1.0,1.0,1.0
440,190403008,1.85,,V,"vac (power test, OL (@10J range))",1950.0,2400.0,2150.0,0.0,0.0,1.0,1.0,1.0,1.0,1.0,1.0,1.0,1.0,1.0,1.0,1.0,1.0,1.0,1.0,1.0
441,190403009,1.85,,V,"vac (power test, 8.03 J)",1850.0,2350.0,2050.0,0.0,0.0,1.0,1.0,1.0,1.0,1.0,1.0,1.0,1.0,1.0,1.0,1.0,1.0,1.0,1.0,1.0
442,190403010,1.85,,V,vacuum shot,1850.0,2350.0,2050.0,0.0,0.0,1.0,1.0,1.0,1.0,1.0,1.0,1.0,1.0,1.0,1.0,1.0,1.0,1.0,1.0,1.0
443,190403011,1.85,,D,plasma,1850.0,2350.0,2050.0,0.0,0.0,1.0,1.0,1.0,1.0,1.0,1.0,1.0,1.0,1.0,1.0,1.0,1.0,1.0,1.0,1.0
444,190403012,1.85,,D,plasma,1950.0,2400.0,2150.0,0.0,0.0,1.0,1.0,1.0,1.0,1.0,1.0,1.0,1.0,1.0,1.0,1.0,1.0,1.0,1.0,1.0
445,190403013,1.85,,D,plasma - data overwritten!,1950.0,2400.0,2150.0,0.0,0.0,1.0,1.0,1.0,1.0,1.0,1.0,1.0,1.0,1.0,1.0,1.0,1.0,1.0,1.0,1.0
446,190403014,1.85,,D,plasma - gains down to 50% of max.,1950.0,2400.0,2150.0,0.0,0.0,1.0,1.0,1.0,1.0,1.0,1.0,1.0,1.0,1.0,1.0,1.0,1.0,1.0,1.0,1.0
447,190403015,1.85,,D,"plasma - positive shot, some signal",1950.0,2400.0,2150.0,0.0,0.0,1.0,1.0,1.0,1.0,1.0,1.0,1.0,1.0,1.0,1.0,1.0,1.0,1.0,1.0,1.0
448,190403016,1.85,,D,"plasma - positive shot, not great signal",1950.0,2400.0,2150.0,0.0,0.0,1.0,1.0,1.0,1.0,1.0,1.0,1.0,1.0,1.0,1.0,1.0,1.0,1.0,1.0,1.0
449,190403017,1.85,,D,"plasma - negative shot, not great signal",1950.0,2400.0,2150.0,0.0,0.0,1.0,1.0,1.0,1.0,1.0,1.0,1.0,1.0,1.0,1.0,1.0,1.0,1.0,1.0,1.0
450,190403018,1.85,,D,vacuum,1950.0,2400.0,2150.0,0.0,0.0,1.0,1.0,1.0,1.0,1.0,1.0,1.0,1.0,1.0,1.0,1.0,1.0,1.0,1.0,1.0
451,190404007,1.85,,D,plasma - interesting result,1950.0,2400.0,2150.0,0.0,0.0,1.0,1.0,1.0,1.0,1.0,1.0,1.0,1.0,1.0,1.0,1.0,1.0,1.0,1.0,1.0
452,190404008,1.85,,V,vacuum - laser fired late,1950.0,2400.0,2150.0,0.0,0.0,1.0,1.0,1.0,1.0,1.0,1.0,1.0,1.0,1.0,1.0,1.0,1.0,1.0,1.0,1.0
453,190404009,1.85,,D,plasma - 62.5 gain 2.5,1950.0,2400.0,2150.0,0.0,0.0,1.0,1.0,1.0,1.0,1.0,1.0,1.0,1.0,1.0,1.0,1.0,1.0,1.0,1.0,1.0
454,190404010,1.85,,D,"plasma, eh",1950.0,2400.0,2150.0,0.0,0.0,1.0,1.0,1.0,1.0,1.0,1.0,1.0,1.0,1.0,1.0,1.0,1.0,1.0,1.0,1.0
455,190404011,1.85,,D,plasma,1950.0,2400.0,2150.0,0.0,0.0,1.0,1.0,1.0,1.0,1.0,1.0,1.0,1.0,1.0,1.0,1.0,1.0,1.0,1.0,1.0
456,190404012,1.85,,V,plasma - laser fired late,1950.0,2400.0,2150.0,0.0,0.0,1.0,1.0,1.0,1.0,1.0,1.0,1.0,1.0,1.0,1.0,1.0,1.0,1.0,1.0,1.0
457,190404013,1.85,,V,plasma - laser didn't fire,1950.0,2400.0,2150.0,0.0,0.0,1.0,1.0,1.0,1.0,1.0,1.0,1.0,1.0,1.0,1.0,1.0,1.0,1.0,1.0,1.0
458,190404014,1.85,,D,plasma,1950.0,2400.0,2150.0,0.0,0.0,1.0,1.0,1.0,1.0,1.0,1.0,1.0,1.0,1.0,1.0,1.0,1.0,1.0,1.0,1.0
459,190404017,1.85,,D,plasma - faulted - vacuum essentially,1950.0,2400.0,2150.0,0.0,0.0,1.0,1.0,1.0,1.0,1.0,1.0,1.0,1.0,1.0,1.0,1.0,1.0,1.0,1.0,1.0
460,190404018,1.85,,D,,1950.0,2400.0,2150.0,0.0,0.0,1.0,1.0,1.0,1.0,1.0,1.0,1.0,1.0,1.0,1.0,1.0,1.0,1.0,1.0,1.0
461,190409012,1.85,,D,plasma - good?? low sat. on P4_4,1950.0,2400.0,2150.0,0.0,0.0,1.0,1.0,1.0,1.0,1.0,1.0,1.0,1.0,1.0,1.0,1.0,1.0,1.0,1.0,1.0
462,190409013,1.85,,D,plasma - ok. low sat. on P4_4,1950.0,2400.0,2150.0,0.0,0.0,1.0,1.0,1.0,1.0,1.0,1.0,1.0,1.0,1.0,1.0,1.0,1.0,1.0,1.0,1.0
463,190409014,1.85,,D,plasma - ok.,1950.0,2400.0,2150.0,0.0,0.0,1.0,1.0,1.0,1.0,1.0,1.0,1.0,1.0,1.0,1.0,1.0,1.0,1.0,1.0,1.0
464,190409015,1.85,,D,plasma - ok.,1950.0,2400.0,2150.0,0.0,0.0,1.0,1.0,1.0,1.0,1.0,1.0,1.0,1.0,1.0,1.0,1.0,1.0,1.0,1.0,1.0
465,190409016,1.85,,D,plasma - ok.,1950.0,2400.0,2150.0,0.0,0.0,1.0,1.0,1.0,1.0,1.0,1.0,1.0,1.0,1.0,1.0,1.0,1.0,1.0,1.0,1.0
466,190410006,1.85,,He,plasma - okay,1950.0,2400.0,2150.0,0.0,0.0,1.0,1.0,1.0,1.0,1.0,1.0,1.0,1.0,1.0,1.0,1.0,1.0,1.0,1.0,1.0
467,190410007,1.85,,V,vacuum,1950.0,2400.0,2150.0,0.0,0.0,1.0,1.0,1.0,1.0,1.0,1.0,1.0,1.0,1.0,1.0,1.0,1.0,1.0,1.0,1.0
468,190410008,1.85,,V,vacuum,1950.0,2400.0,2150.0,0.0,0.0,1.0,1.0,1.0,1.0,1.0,1.0,1.0,1.0,1.0,1.0,1.0,1.0,1.0,1.0,1.0
469,190410009,1.85,,D,plasma - okay,1950.0,2400.0,2150.0,0.0,0.0,1.0,1.0,1.0,1.0,1.0,1.0,1.0,1.0,1.0,1.0,1.0,1.0,1.0,1.0,1.0
470,190410010,1.85,,D,plasma - okay,1950.0,2400.0,2150.0,0.0,0.0,1.0,1.0,1.0,1.0,1.0,1.0,1.0,1.0,1.0,1.0,1.0,1.0,1.0,1.0,1.0
471,190410011,1.85,,D,plasma - okay,1950.0,2400.0,2150.0,0.0,0.0,1.0,1.0,1.0,1.0,1.0,1.0,1.0,1.0,1.0,1.0,1.0,1.0,1.0,1.0,1.0
472,190410012,1.85,,D,plasma - laser not looking so good,1950.0,2400.0,2150.0,0.0,0.0,1.0,1.0,1.0,1.0,1.0,1.0,1.0,1.0,1.0,1.0,1.0,1.0,1.0,1.0,1.0
473,190410013,1.85,,D,plasma - HEY!!! good?,1950.0,2400.0,2150.0,0.0,0.0,1.0,1.0,1.0,1.0,1.0,1.0,1.0,1.0,1.0,1.0,1.0,1.0,1.0,1.0,1.0
474,190410014,1.85,,D,plasma - HEY!!! good?,1950.0,2400.0,2150.0,0.0,0.0,1.0,1.0,1.0,1.0,1.0,1.0,1.0,1.0,1.0,1.0,1.0,1.0,1.0,1.0,1.0
475,190410015,1.85,,D,plasma - HEY!!! good?,1950.0,2400.0,2150.0,0.0,0.0,1.0,1.0,1.0,1.0,1.0,1.0,1.0,1.0,1.0,1.0,1.0,1.0,1.0,1.0,1.0
476,190411008,1.85,,D,plasma - noice,1950.0,2400.0,2150.0,0.0,0.0,1.0,1.0,1.0,1.0,1.0,1.0,1.0,1.0,1.0,1.0,1.0,1.0,1.0,1.0,1.0
477,190411009,1.85,,D,plasma - eh,1950.0,2400.0,2150.0,0.0,0.0,1.0,1.0,1.0,1.0,1.0,1.0,1.0,1.0,1.0,1.0,1.0,1.0,1.0,1.0,1.0
478,190411010,1.85,,D,plasma - eh okay,1950.0,2400.0,2150.0,0.0,0.0,1.0,1.0,1.0,1.0,1.0,1.0,1.0,1.0,1.0,1.0,1.0,1.0,1.0,1.0,1.0
479,190411011,1.85,,D,plasma - p3 interesting,1950.0,2400.0,2150.0,0.0,0.0,1.0,1.0,1.0,1.0,1.0,1.0,1.0,1.0,1.0,1.0,1.0,1.0,1.0,1.0,1.0
480,190411012,1.85,,D,plasma - fault so this is a vacuum shot,1950.0,2400.0,2150.0,0.0,0.0,1.0,1.0,1.0,1.0,1.0,1.0,1.0,1.0,1.0,1.0,1.0,1.0,1.0,1.0,1.0
481,190411013,1.85,,D,plasma - good. cf. shot 11,1950.0,2400.0,2150.0,0.0,0.0,1.0,1.0,1.0,1.0,1.0,1.0,1.0,1.0,1.0,1.0,1.0,1.0,1.0,1.0,1.0
482,190411014,1.85,,D,"interesting, possible gradient?",1950.0,2400.0,2150.0,0.0,0.0,1.0,1.0,1.0,1.0,1.0,1.0,1.0,1.0,1.0,1.0,1.0,1.0,1.0,1.0,1.0
483,190411015,1.85,,D,NICE,1950.0,2400.0,2150.0,0.0,0.0,1.0,1.0,1.0,1.0,1.0,1.0,1.0,1.0,1.0,1.0,1.0,1.0,1.0,1.0,1.0
484,190411016,1.85,,D,NICE,1950.0,2400.0,2150.0,0.0,0.0,1.0,1.0,1.0,1.0,1.0,1.0,1.0,1.0,1.0,1.0,1.0,1.0,1.0,1.0,1.0
485,190411017,1.85,,D,pretty good ,1950.0,2400.0,2150.0,0.0,0.0,1.0,1.0,1.0,1.0,1.0,1.0,1.0,1.0,1.0,1.0,1.0,1.0,1.0,1.0,1.0
486,190411018,1.85,,D,pretty good ,1950.0,2400.0,2150.0,0.0,0.0,1.0,1.0,1.0,1.0,1.0,1.0,1.0,1.0,1.0,1.0,1.0,1.0,1.0,1.0,1.0
487,190501004,1.85,,V,vacuum,1950.0,2400.0,2150.0,0.0,0.0,1.0,1.0,1.0,1.0,1.0,1.0,1.0,1.0,1.0,1.0,1.0,1.0,1.0,1.0,1.0
488,190501005,1.85,,V,plasma,1950.0,2400.0,2150.0,0.0,0.0,1.0,1.0,1.0,1.0,1.0,1.0,1.0,1.0,1.0,1.0,1.0,1.0,1.0,1.0,1.0
489,190501006,1.85,,V,plasma,1950.0,2400.0,2150.0,0.0,0.0,1.0,1.0,1.0,1.0,1.0,1.0,1.0,1.0,1.0,1.0,1.0,1.0,1.0,1.0,1.0
490,190501007,1.85,,V,plasma,1950.0,2400.0,2150.0,0.0,0.0,1.0,1.0,1.0,1.0,1.0,1.0,1.0,1.0,1.0,1.0,1.0,1.0,1.0,1.0,1.0
491,190501008,1.85,,V,plasma,1950.0,2400.0,2150.0,0.0,0.0,1.0,1.0,1.0,1.0,1.0,1.0,1.0,1.0,1.0,1.0,1.0,1.0,1.0,1.0,1.0
492,190501009,1.85,,V,plasma,1950.0,2400.0,2150.0,0.0,0.0,1.0,1.0,1.0,1.0,1.0,1.0,1.0,1.0,1.0,1.0,1.0,1.0,1.0,1.0,1.0
493,190501010,1.85,,V,plasma,1950.0,2400.0,2150.0,0.0,0.0,1.0,1.0,1.0,1.0,1.0,1.0,1.0,1.0,1.0,1.0,1.0,1.0,1.0,1.0,1.0
494,190501011,1.85,,V,plasma,1950.0,2400.0,2150.0,0.0,0.0,1.0,1.0,1.0,1.0,1.0,1.0,1.0,1.0,1.0,1.0,1.0,1.0,1.0,1.0,1.0
495,190501012,1.85,,V,plasma,1950.0,2400.0,2150.0,0.0,0.0,1.0,1.0,1.0,1.0,1.0,1.0,1.0,1.0,1.0,1.0,1.0,1.0,1.0,1.0,1.0
496,190501013,1.872,,V,plasma,1950.0,2400.0,2150.0,0.0,0.0,1.0,1.0,1.0,1.0,1.0,1.0,1.0,1.0,1.0,1.0,1.0,1.0,1.0,1.0,1.0
497,190501014,1.872,,V,plasma,1950.0,2400.0,2150.0,0.0,0.0,1.0,1.0,1.0,1.0,1.0,1.0,1.0,1.0,1.0,1.0,1.0,1.0,1.0,1.0,1.0
498,190501015,1.872,,V,plasma,1950.0,2400.0,2150.0,0.0,0.0,1.0,1.0,1.0,1.0,1.0,1.0,1.0,1.0,1.0,1.0,1.0,1.0,1.0,1.0,1.0
499,190507013,1.872,,D,plasma,1950.0,2400.0,2150.0,0.0,0.0,1.0,1.0,1.0,1.0,1.0,1.0,1.0,1.0,1.0,1.0,1.0,1.0,1.0,1.0,1.0
500,190508005,1.872,,V,"vacuum - traces missing on p4_2,4",1950.0,2400.0,2150.0,0.0,0.0,1.0,1.0,1.0,1.0,1.0,1.0,1.0,1.0,1.0,1.0,1.0,1.0,1.0,1.0,1.0
501,190508006,1.872,,V,vacuum - okay,1950.0,2400.0,2150.0,0.0,0.0,1.0,1.0,1.0,1.0,1.0,1.0,1.0,1.0,1.0,1.0,1.0,1.0,1.0,1.0,1.0
502,190508007,1.872,,V,"B12 VCE fault, vacuum",1950.0,2400.0,2150.0,0.0,0.0,1.0,1.0,1.0,1.0,1.0,1.0,1.0,1.0,1.0,1.0,1.0,1.0,1.0,1.0,1.0
503,190508008,1.872,,D,"good data, spark on circuit",1950.0,2400.0,2150.0,0.0,0.0,1.0,1.0,1.0,1.0,1.0,1.0,1.0,1.0,1.0,1.0,1.0,1.0,1.0,1.0,1.0
504,190508009,1.872,,V,vacuum - okay,1950.0,2400.0,2150.0,0.0,0.0,1.0,1.0,1.0,1.0,1.0,1.0,1.0,1.0,1.0,1.0,1.0,1.0,1.0,1.0,1.0
505,190508010,1.872,,V,vacuum - okay,1950.0,2400.0,2150.0,0.0,0.0,1.0,1.0,1.0,1.0,1.0,1.0,1.0,1.0,1.0,1.0,1.0,1.0,1.0,1.0,1.0
506,190508011,1.872,,V,TS off,1950.0,2400.0,2150.0,0.0,0.0,1.0,1.0,1.0,1.0,1.0,1.0,1.0,1.0,1.0,1.0,1.0,1.0,1.0,1.0,1.0
507,190508012,1.872,,V,"vacuum - okay - p4_2,4_4 dead",1950.0,2400.0,2150.0,0.0,0.0,1.0,1.0,1.0,1.0,1.0,1.0,1.0,1.0,1.0,1.0,1.0,1.0,1.0,1.0,1.0
508,190508013,1.872,,V,fault - vacuum,1950.0,2400.0,2150.0,0.0,0.0,1.0,1.0,1.0,1.0,1.0,1.0,1.0,1.0,1.0,1.0,1.0,1.0,1.0,1.0,1.0
509,190508014,1.872,,V,fault - vacuum,1950.0,2400.0,2150.0,0.0,0.0,1.0,1.0,1.0,1.0,1.0,1.0,1.0,1.0,1.0,1.0,1.0,1.0,1.0,1.0,1.0
510,190508015,1.872,,D,okay data,1950.0,2400.0,2150.0,0.0,0.0,1.0,1.0,1.0,1.0,1.0,1.0,1.0,1.0,1.0,1.0,1.0,1.0,1.0,1.0,1.0
511,190508016,1.872,,D,okay data,1950.0,2400.0,2150.0,0.0,0.0,1.0,1.0,1.0,1.0,1.0,1.0,1.0,1.0,1.0,1.0,1.0,1.0,1.0,1.0,1.0
512,190508017,1.872,,D,okay data,1950.0,2400.0,2150.0,0.0,0.0,1.0,1.0,1.0,1.0,1.0,1.0,1.0,1.0,1.0,1.0,1.0,1.0,1.0,1.0,1.0
513,190509010,1.872,,D,NICE,1950.0,2400.0,2150.0,0.0,0.0,1.0,1.0,1.0,1.0,1.0,1.0,1.0,1.0,1.0,1.0,1.0,1.0,1.0,1.0,1.0
514,190509011,1.872,,D,NICE,1950.0,2400.0,2150.0,0.0,0.0,1.0,1.0,1.0,1.0,1.0,1.0,1.0,1.0,1.0,1.0,1.0,1.0,1.0,1.0,1.0
515,190509012,1.872,,D,okay,1950.0,2400.0,2150.0,0.0,0.0,1.0,1.0,1.0,1.0,1.0,1.0,1.0,1.0,1.0,1.0,1.0,1.0,1.0,1.0,1.0
516,190509013,1.872,,D,okay,1950.0,2400.0,2150.0,0.0,0.0,1.0,1.0,1.0,1.0,1.0,1.0,1.0,1.0,1.0,1.0,1.0,1.0,1.0,1.0,1.0
517,190509014,1.872,,D,okay,1950.0,2400.0,2150.0,0.0,0.0,1.0,1.0,1.0,1.0,1.0,1.0,1.0,1.0,1.0,1.0,1.0,1.0,1.0,1.0,1.0
518,190514010,1.872,,D,okay,1950.0,2400.0,2150.0,0.0,0.0,1.0,1.0,1.0,1.0,1.0,1.0,1.0,1.0,1.0,1.0,1.0,1.0,1.0,1.0,1.0
519,190514011,1.872,,D,faults - vacuum shot - p4_2 dead,1950.0,2400.0,2150.0,0.0,0.0,1.0,1.0,1.0,1.0,1.0,1.0,1.0,1.0,1.0,1.0,1.0,1.0,1.0,1.0,1.0
520,190514012,1.872,,D,faults - vacuum shot - p4_2 dead,1950.0,2400.0,2150.0,0.0,0.0,1.0,1.0,1.0,1.0,1.0,1.0,1.0,1.0,1.0,1.0,1.0,1.0,1.0,1.0,1.0
521,190514013,1.872,,D,okay,1950.0,2400.0,2150.0,0.0,0.0,1.0,1.0,1.0,1.0,1.0,1.0,1.0,1.0,1.0,1.0,1.0,1.0,1.0,1.0,1.0
522,190514014,1.872,,D,another fault,1950.0,2400.0,2150.0,0.0,0.0,1.0,1.0,1.0,1.0,1.0,1.0,1.0,1.0,1.0,1.0,1.0,1.0,1.0,1.0,1.0
523,190514015,1.872,,D,good,1950.0,2400.0,2150.0,0.0,0.0,1.0,1.0,1.0,1.0,1.0,1.0,1.0,1.0,1.0,1.0,1.0,1.0,1.0,1.0,1.0
524,190514016,1.872,,D,good,1950.0,2400.0,2150.0,0.0,0.0,1.0,1.0,1.0,1.0,1.0,1.0,1.0,1.0,1.0,1.0,1.0,1.0,1.0,1.0,1.0
525,190514017,1.872,,D,good,1950.0,2400.0,2150.0,0.0,0.0,1.0,1.0,1.0,1.0,1.0,1.0,1.0,1.0,1.0,1.0,1.0,1.0,1.0,1.0,1.0
526,190514020,1.872,,D,good,1950.0,2400.0,2150.0,0.0,0.0,1.0,1.0,1.0,1.0,1.0,1.0,1.0,1.0,1.0,1.0,1.0,1.0,1.0,1.0,1.0
527,190514021,1.872,,D,weird - vacuum?? (laser fired late),1950.0,2400.0,2150.0,0.0,0.0,1.0,1.0,1.0,1.0,1.0,1.0,1.0,1.0,1.0,1.0,1.0,1.0,1.0,1.0,1.0
528,190514022,1.872,,D,okay,1950.0,2400.0,2150.0,0.0,0.0,1.0,1.0,1.0,1.0,1.0,1.0,1.0,1.0,1.0,1.0,1.0,1.0,1.0,1.0,1.0
529,190515005,1.872,,V,vacuum - poly4_2 flatlined,1950.0,2400.0,2150.0,0.0,0.0,1.0,1.0,1.0,1.0,1.0,1.0,1.0,1.0,1.0,1.0,1.0,1.0,1.0,1.0,1.0
530,190515006,1.872,,V,vacuum - 10000 points in oscilloscope domain. WHY,1950.0,2400.0,2150.0,0.0,0.0,1.0,1.0,1.0,1.0,1.0,1.0,1.0,1.0,1.0,1.0,1.0,1.0,1.0,1.0,1.0
531,190515007,1.872,,He,plasma okay,1950.0,2400.0,2150.0,0.0,0.0,1.0,1.0,1.0,1.0,1.0,1.0,1.0,1.0,1.0,1.0,1.0,1.0,1.0,1.0,1.0
532,190515009,1.872,,D,"D1, sat. on poly4_4",1950.0,2400.0,2150.0,0.0,0.0,1.0,1.0,1.0,1.0,1.0,1.0,1.0,1.0,1.0,1.0,1.0,1.0,1.0,1.0,1.0
533,190515010,1.872,,D,repeat,1950.0,2400.0,2150.0,0.0,0.0,1.0,1.0,1.0,1.0,1.0,1.0,1.0,1.0,1.0,1.0,1.0,1.0,1.0,1.0,1.0
534,190515011,1.872,,D,repeat,1950.0,2400.0,2150.0,0.0,0.0,1.0,1.0,1.0,1.0,1.0,1.0,1.0,1.0,1.0,1.0,1.0,1.0,1.0,1.0,1.0
535,190515012,1.47,,D,repeat,1950.0,2400.0,2150.0,0.0,0.0,1.0,1.0,1.0,1.0,1.0,1.0,1.0,1.0,1.0,1.0,1.0,1.0,1.0,1.0,1.0
536,190515013,1.47,,D,repeat,1950.0,2400.0,2150.0,0.0,0.0,1.0,1.0,1.0,1.0,1.0,1.0,1.0,1.0,1.0,1.0,1.0,1.0,1.0,1.0,1.0
537,190515014,1.48,,D,sat. on poly4_2,1950.0,2400.0,2150.0,0.0,0.0,1.0,1.0,1.0,1.0,1.0,1.0,1.0,1.0,1.0,1.0,1.0,1.0,1.0,1.0,1.0
538,190515015,1.48,,D,repeat,1950.0,2400.0,2150.0,0.0,0.0,1.0,1.0,1.0,1.0,1.0,1.0,1.0,1.0,1.0,1.0,1.0,1.0,1.0,1.0,1.0
539,190515016,1.49,,D,repeat,1950.0,2400.0,2150.0,0.0,0.0,1.0,1.0,1.0,1.0,1.0,1.0,1.0,1.0,1.0,1.0,1.0,1.0,1.0,1.0,1.0
540,190515017,1.49,,D,repeat,1950.0,2400.0,2150.0,0.0,0.0,1.0,1.0,1.0,1.0,1.0,1.0,1.0,1.0,1.0,1.0,1.0,1.0,1.0,1.0,1.0
541,190515018,1.5,,D,sat. on poly4_2 and poly3_3,1950.0,2400.0,2150.0,0.0,0.0,1.0,1.0,1.0,1.0,1.0,1.0,1.0,1.0,1.0,1.0,1.0,1.0,1.0,1.0,1.0
542,190515019,1.5,,D,repeat,1950.0,2400.0,2150.0,0.0,0.0,1.0,1.0,1.0,1.0,1.0,1.0,1.0,1.0,1.0,1.0,1.0,1.0,1.0,1.0,1.0
543,190515020,1.5,,D,repeat,1950.0,2400.0,2150.0,0.0,0.0,1.0,1.0,1.0,1.0,1.0,1.0,1.0,1.0,1.0,1.0,1.0,1.0,1.0,1.0,1.0
544,190515021,1.5,,D,repeat,1950.0,2400.0,2150.0,0.0,0.0,1.0,1.0,1.0,1.0,1.0,1.0,1.0,1.0,1.0,1.0,1.0,1.0,1.0,1.0,1.0
545,190515022,1.5,,D,repeat,1950.0,2400.0,2150.0,0.0,0.0,1.0,1.0,1.0,1.0,1.0,1.0,1.0,1.0,1.0,1.0,1.0,1.0,1.0,1.0,1.0
546,190515023,1.51,,D,saturations everywhere,1950.0,2400.0,2150.0,0.0,0.0,1.0,1.0,1.0,1.0,1.0,1.0,1.0,1.0,1.0,1.0,1.0,1.0,1.0,1.0,1.0
547,190515024,1.51,,D,sat. again.,1950.0,2400.0,2150.0,0.0,0.0,1.0,1.0,1.0,1.0,1.0,1.0,1.0,1.0,1.0,1.0,1.0,1.0,1.0,1.0,1.0
548,190515025,1.51,,D,forgot to turn on polys,1950.0,2400.0,2150.0,0.0,0.0,1.0,1.0,1.0,1.0,1.0,1.0,1.0,1.0,1.0,1.0,1.0,1.0,1.0,1.0,1.0
549,190515026,1.51,,D,"repeat, some sat.",1950.0,2400.0,2150.0,0.0,0.0,1.0,1.0,1.0,1.0,1.0,1.0,1.0,1.0,1.0,1.0,1.0,1.0,1.0,1.0,1.0
550,190515027,1.51,,D,"repeat, good",1950.0,2400.0,2150.0,0.0,0.0,1.0,1.0,1.0,1.0,1.0,1.0,1.0,1.0,1.0,1.0,1.0,1.0,1.0,1.0,1.0
551,190515028,1.51,,D,"repeat, very good",1950.0,2400.0,2150.0,0.0,0.0,1.0,1.0,1.0,1.0,1.0,1.0,1.0,1.0,1.0,1.0,1.0,1.0,1.0,1.0,1.0
552,190515029,1.52,,D,"repeat, negative itor, will repeat",1950.0,2400.0,2150.0,0.0,0.0,1.0,1.0,1.0,1.0,1.0,1.0,1.0,1.0,1.0,1.0,1.0,1.0,1.0,1.0,1.0
553,190515030,1.52,,D,,1950.0,2400.0,2150.0,0.0,0.0,1.0,1.0,1.0,1.0,1.0,1.0,1.0,1.0,1.0,1.0,1.0,1.0,1.0,1.0,1.0
554,190515031,1.52,,D,sat p3_3,1950.0,2400.0,2150.0,0.0,0.0,1.0,1.0,1.0,1.0,1.0,1.0,1.0,1.0,1.0,1.0,1.0,1.0,1.0,1.0,1.0
555,190515032,1.52,,D,crazy bad signal,1950.0,2400.0,2150.0,0.0,0.0,1.0,1.0,1.0,1.0,1.0,1.0,1.0,1.0,1.0,1.0,1.0,1.0,1.0,1.0,1.0
556,190516005,1.52,,D,noisey signals,1950.0,2400.0,2150.0,0.0,0.0,1.0,1.0,1.0,1.0,1.0,1.0,1.0,1.0,1.0,1.0,1.0,1.0,1.0,1.0,1.0
557,190516006,1.52,,D,some sat.,1950.0,2400.0,2150.0,0.0,0.0,1.0,1.0,1.0,1.0,1.0,1.0,1.0,1.0,1.0,1.0,1.0,1.0,1.0,1.0,1.0
558,190516007,1.52,,D,good - channel 4_5 noise,1950.0,2400.0,2150.0,0.0,0.0,1.0,1.0,1.0,1.0,1.0,1.0,1.0,1.0,1.0,1.0,1.0,1.0,1.0,1.0,1.0
559,190516008,1.52,,D,good - channel 4_5 noise - will replace 4_5 BNC,1950.0,2400.0,2150.0,0.0,0.0,1.0,1.0,1.0,1.0,1.0,1.0,1.0,1.0,1.0,1.0,1.0,1.0,1.0,1.0,1.0
560,190516009,1.53,,D,saturations,1950.0,2400.0,2150.0,0.0,0.0,1.0,1.0,1.0,1.0,1.0,1.0,1.0,1.0,1.0,1.0,1.0,1.0,1.0,1.0,1.0
561,190516010,1.52,,V,laser fired late - vacuum,1950.0,2400.0,2150.0,0.0,0.0,1.0,1.0,1.0,1.0,1.0,1.0,1.0,1.0,1.0,1.0,1.0,1.0,1.0,1.0,1.0
562,190516011,1.52,,D,retry - negative itor,1950.0,2400.0,2150.0,0.0,0.0,1.0,1.0,1.0,1.0,1.0,1.0,1.0,1.0,1.0,1.0,1.0,1.0,1.0,1.0,1.0
563,190516012,1.52,,D,retry - 4_5 still looks bad,1950.0,2400.0,2150.0,0.0,0.0,1.0,1.0,1.0,1.0,1.0,1.0,1.0,1.0,1.0,1.0,1.0,1.0,1.0,1.0,1.0
564,190516013,1.53,,D,new time,1950.0,2400.0,2150.0,0.0,0.0,1.0,1.0,1.0,1.0,1.0,1.0,1.0,1.0,1.0,1.0,1.0,1.0,1.0,1.0,1.0
565,190516014,1.53,,D,repeat - 15 eV?!,1950.0,2400.0,2150.0,0.0,0.0,1.0,1.0,1.0,1.0,1.0,1.0,1.0,1.0,1.0,1.0,1.0,1.0,1.0,1.0,1.0
566,190516015,1.54,,D,saturations,1950.0,2400.0,2150.0,0.0,0.0,1.0,1.0,1.0,1.0,1.0,1.0,1.0,1.0,1.0,1.0,1.0,1.0,1.0,1.0,1.0
567,190516016,1.54,,D,saturations,1950.0,2400.0,2150.0,0.0,0.0,1.0,1.0,1.0,1.0,1.0,1.0,1.0,1.0,1.0,1.0,1.0,1.0,1.0,1.0,1.0
568,190516017,1.54,,D,good,1950.0,2400.0,2150.0,0.0,0.0,1.0,1.0,1.0,1.0,1.0,1.0,1.0,1.0,1.0,1.0,1.0,1.0,1.0,1.0,1.0
569,190516018,1.54,,D,BAD! laser never fired,1950.0,2400.0,2150.0,0.0,0.0,1.0,1.0,1.0,1.0,1.0,1.0,1.0,1.0,1.0,1.0,1.0,1.0,1.0,1.0,1.0
570,190516019,1.54,,D,okay,1950.0,2400.0,2150.0,0.0,0.0,1.0,1.0,1.0,1.0,1.0,1.0,1.0,1.0,1.0,1.0,1.0,1.0,1.0,1.0,1.0
571,190516020,1.55,,D,4_4 is bad,1950.0,2400.0,2150.0,0.0,0.0,1.0,1.0,1.0,1.0,1.0,1.0,1.0,1.0,1.0,1.0,1.0,1.0,1.0,1.0,1.0
572,190516021,1.55,,D,"4_4 is bad, negative i_tor",1950.0,2400.0,2150.0,0.0,0.0,1.0,1.0,1.0,1.0,1.0,1.0,1.0,1.0,1.0,1.0,1.0,1.0,1.0,1.0,1.0
573,190516022,1.55,,D,okay,1950.0,2400.0,2150.0,0.0,0.0,1.0,1.0,1.0,1.0,1.0,1.0,1.0,1.0,1.0,1.0,1.0,1.0,1.0,1.0,1.0
574,190516023,1.55,,D,okay,1950.0,2400.0,2150.0,0.0,0.0,1.0,1.0,1.0,1.0,1.0,1.0,1.0,1.0,1.0,1.0,1.0,1.0,1.0,1.0,1.0
575,190516024,2.11,,D,decay shots - 4_4 is bad,1950.0,2400.0,2150.0,0.0,0.0,1.0,1.0,1.0,1.0,1.0,1.0,1.0,1.0,1.0,1.0,1.0,1.0,1.0,1.0,1.0
576,190516025,2.11,,D,decay shots - 4_4 is bad,1950.0,2400.0,2150.0,0.0,0.0,1.0,1.0,1.0,1.0,1.0,1.0,1.0,1.0,1.0,1.0,1.0,1.0,1.0,1.0,1.0
577,190516026,2.11,,D,decay shots - good,1950.0,2400.0,2150.0,0.0,0.0,1.0,1.0,1.0,1.0,1.0,1.0,1.0,1.0,1.0,1.0,1.0,1.0,1.0,1.0,1.0
578,190516027,2.11,,D,decay shots - negative itor,1950.0,2400.0,2150.0,0.0,0.0,1.0,1.0,1.0,1.0,1.0,1.0,1.0,1.0,1.0,1.0,1.0,1.0,1.0,1.0,1.0
579,190516028,2.11,,D,decay shots - good,1950.0,2400.0,2150.0,0.0,0.0,1.0,1.0,1.0,1.0,1.0,1.0,1.0,1.0,1.0,1.0,1.0,1.0,1.0,1.0,1.0
580,190516029,2.17,,D,decay shots - good,1950.0,2400.0,2150.0,0.0,0.0,1.0,1.0,1.0,1.0,1.0,1.0,1.0,1.0,1.0,1.0,1.0,1.0,1.0,1.0,1.0
581,190516030,2.17,,D,decay shots - good,1950.0,2400.0,2150.0,0.0,0.0,1.0,1.0,1.0,1.0,1.0,1.0,1.0,1.0,1.0,1.0,1.0,1.0,1.0,1.0,1.0
582,190516031,2.217,,D,BAD! laser never fired,1950.0,2400.0,2150.0,0.0,0.0,1.0,1.0,1.0,1.0,1.0,1.0,1.0,1.0,1.0,1.0,1.0,1.0,1.0,1.0,1.0
583,190516032,2.217,,D,okay,1950.0,2400.0,2150.0,0.0,0.0,1.0,1.0,1.0,1.0,1.0,1.0,1.0,1.0,1.0,1.0,1.0,1.0,1.0,1.0,1.0
584,190516033,2.217,,D,okay,1950.0,2400.0,2150.0,0.0,0.0,1.0,1.0,1.0,1.0,1.0,1.0,1.0,1.0,1.0,1.0,1.0,1.0,1.0,1.0,1.0
585,190522008,2.217,,V,vac test with FIR - good vacuum - ,1950.0,2400.0,2150.0,0.0,0.0,1.0,1.0,1.0,1.0,1.0,1.0,1.0,1.0,1.0,1.0,1.0,1.0,1.0,1.0,1.0
586,190522009,2.217,,He,plasma test with FIR - no timing data (3412_ch4),1950.0,2400.0,2150.0,0.0,0.0,1.0,1.0,1.0,1.0,1.0,1.0,1.0,1.0,1.0,1.0,1.0,1.0,1.0,1.0,1.0
587,190522010,2.217,,He,plasma test with FIR - no timing data (3412_ch4),1950.0,2400.0,2150.0,0.0,0.0,1.0,1.0,1.0,1.0,1.0,1.0,1.0,1.0,1.0,1.0,1.0,1.0,1.0,1.0,1.0
588,190522011,2.217,,He,plasma test with FIR - no timing data (3412_ch4),1950.0,2400.0,2150.0,0.0,0.0,1.0,1.0,1.0,1.0,1.0,1.0,1.0,1.0,1.0,1.0,1.0,1.0,1.0,1.0,1.0
589,190522012,2.217,,He,plasma test with FIR,1950.0,2400.0,2150.0,0.0,0.0,1.0,1.0,1.0,1.0,1.0,1.0,1.0,1.0,1.0,1.0,1.0,1.0,1.0,1.0,1.0
590,190522013,1.5,,He,plasma test with FIR,1950.0,2400.0,2150.0,0.0,0.0,1.0,1.0,1.0,1.0,1.0,1.0,1.0,1.0,1.0,1.0,1.0,1.0,1.0,1.0,1.0
591,190523006,1.5,,V,plasma test with FIR,1950.0,2400.0,2150.0,0.0,0.0,1.0,1.0,1.0,1.0,1.0,1.0,1.0,1.0,1.0,1.0,1.0,1.0,1.0,1.0,1.0
592,190523007,1.5,,V,plasma test with FIR,1950.0,2400.0,2150.0,0.0,0.0,1.0,1.0,1.0,1.0,1.0,1.0,1.0,1.0,1.0,1.0,1.0,1.0,1.0,1.0,1.0
593,190523008,1.5,,V,plasma test with FIR,1950.0,2400.0,2150.0,0.0,0.0,1.0,1.0,1.0,1.0,1.0,1.0,1.0,1.0,1.0,1.0,1.0,1.0,1.0,1.0,1.0
594,190523009,1.5,,V,No TS FIR,1950.0,2400.0,2150.0,0.0,0.0,1.0,1.0,1.0,1.0,1.0,1.0,1.0,1.0,1.0,1.0,1.0,1.0,1.0,1.0,1.0
595,190523010,1.5,,V,"TS trigger only (laser off) + FIR (just kidding, FIR not connected to FuZE scope)",1950.0,2400.0,2150.0,0.0,0.0,1.0,1.0,1.0,1.0,1.0,1.0,1.0,1.0,1.0,1.0,1.0,1.0,1.0,1.0,1.0
596,190523011,1.5,,V,TS trigger only (laser off) + FIR,1950.0,2400.0,2150.0,0.0,0.0,1.0,1.0,1.0,1.0,1.0,1.0,1.0,1.0,1.0,1.0,1.0,1.0,1.0,1.0,1.0
597,190523012,1.5,,V,"TS 0 power + FIR, laser fired late",0.0,0.0,0.0,0.0,0.0,1.0,1.0,1.0,1.0,1.0,1.0,1.0,1.0,1.0,1.0,1.0,1.0,1.0,1.0,1.0
598,190523013,1.5,,V,"TS 0 power + FIR, laser fired late",0.0,0.0,0.0,0.0,0.0,1.0,1.0,1.0,1.0,1.0,1.0,1.0,1.0,1.0,1.0,1.0,1.0,1.0,1.0,1.0
599,190523014,1.5,,V,TS off,0.0,0.0,0.0,0.0,0.0,1.0,1.0,1.0,1.0,1.0,1.0,1.0,1.0,1.0,1.0,1.0,1.0,1.0,1.0,1.0
600,190523015,1.7,,V,"TS on, Helicon off",0.0,0.0,0.0,0.0,0.0,1.0,1.0,1.0,1.0,1.0,1.0,1.0,1.0,1.0,1.0,1.0,1.0,1.0,1.0,1.0
601,190523016,1.7,,V,"TS on, Helicon off",0.0,0.0,0.0,0.0,0.0,1.0,1.0,1.0,1.0,1.0,1.0,1.0,1.0,1.0,1.0,1.0,1.0,1.0,1.0,1.0
602,190612008,1.7,,He,plasma test with FIR - laser didnt trigger,1950.0,2300.0,2050.0,0.0,0.0,1.0,1.0,1.0,1.0,1.0,1.0,1.0,1.0,1.0,1.0,1.0,1.0,1.0,1.0,1.0
603,190612009,1.7,,He,plasma test with FIR -  poly 4 osc. didn't trigger,1950.0,2300.0,2050.0,0.0,0.0,1.0,1.0,1.0,1.0,1.0,1.0,1.0,1.0,1.0,1.0,1.0,1.0,1.0,1.0,1.0
604,190612010,1.7,,He,plasma test with FIR -  poly 4 osc. didn't trigger,1950.0,2300.0,2050.0,0.0,0.0,1.0,1.0,1.0,1.0,1.0,1.0,1.0,1.0,1.0,1.0,1.0,1.0,1.0,1.0,1.0
605,190612011,1.7,,He,laser not triggered (had 50 Ohm term. placed),1950.0,2300.0,2050.0,0.0,0.0,1.0,1.0,1.0,1.0,1.0,1.0,1.0,1.0,1.0,1.0,1.0,1.0,1.0,1.0,1.0
606,190612012,1.7,,He,laser not triggered (no 50 Ohm term.) - why???,1950.0,2300.0,2050.0,0.0,0.0,1.0,1.0,1.0,1.0,1.0,1.0,1.0,1.0,1.0,1.0,1.0,1.0,1.0,1.0,1.0
607,190612013,1.7,,He,laser not triggered,1950.0,2400.0,2150.0,0.0,0.0,1.0,1.0,1.0,1.0,1.0,1.0,1.0,1.0,1.0,1.0,1.0,1.0,1.0,1.0,1.0
608,190612014,1.7,,He,reverted to old triggering setup with FuZE scope and laser triggered off 4222 ch3.,1950.0,2400.0,2150.0,0.0,0.0,1.0,1.0,1.0,1.0,1.0,1.0,1.0,1.0,1.0,1.0,1.0,1.0,1.0,1.0,1.0
609,190612015,1.7,,He,reverted to old triggering setup with FuZE scope and laser triggered off 4222 ch3.,1950.0,2400.0,2150.0,0.0,0.0,1.0,1.0,1.0,1.0,1.0,1.0,1.0,1.0,1.0,1.0,1.0,1.0,1.0,1.0,1.0
610,190612016,1.7,,He,different LEMO to BNC cable - no dice,1950.0,2400.0,2150.0,0.0,0.0,1.0,1.0,1.0,1.0,1.0,1.0,1.0,1.0,1.0,1.0,1.0,1.0,1.0,1.0,1.0
611,190612017,1.7,,He,put the triggers on channels 2 and 4 of the 4222 - good data on poly's 3 and 5,1950.0,2400.0,2150.0,0.0,0.0,1.0,1.0,1.0,1.0,1.0,1.0,1.0,1.0,1.0,1.0,1.0,1.0,1.0,1.0,1.0
612,190612018,1.7,,D,put the triggers on channels 2 and 4 of the 4222 - good data on poly's 3 and 5,1950.0,2400.0,2150.0,0.0,0.0,1.0,1.0,1.0,1.0,1.0,1.0,1.0,1.0,1.0,1.0,1.0,1.0,1.0,1.0,1.0
613,190612019,1.7,,D,"tree hadn't downloaded right, times are off before shot 20",1950.0,2400.0,2150.0,0.0,0.0,1.0,1.0,1.0,1.0,1.0,1.0,1.0,1.0,1.0,1.0,1.0,1.0,1.0,1.0,1.0
614,190612020,1.7,,D,"beginning of scan?, poly 4_2 saturated",1950.0,2400.0,2150.0,0.0,0.0,1.0,1.0,1.0,1.0,1.0,1.0,1.0,1.0,1.0,1.0,1.0,1.0,1.0,1.0,1.0
615,190612021,1.103,,D,"new time, TS_SLOW is now channel 4_4, was 4_2. 4_4 now sat. so will abandon TS_SLOW",1950.0,2400.0,2150.0,0.0,0.0,1.0,1.0,1.0,1.0,1.0,1.0,1.0,1.0,1.0,1.0,1.0,1.0,1.0,1.0,1.0
616,190612022,1.103,,D,try again - 4_4 still saturated,1950.0,2400.0,2150.0,0.0,0.0,1.0,1.0,1.0,1.0,1.0,1.0,1.0,1.0,1.0,1.0,1.0,1.0,1.0,1.0,1.0
617,190612023,1.103,,D,try again - better,1950.0,2400.0,2150.0,0.0,0.0,1.0,1.0,1.0,1.0,1.0,1.0,1.0,1.0,1.0,1.0,1.0,1.0,1.0,1.0,1.0
618,190612024,1.1636,,D,"new time, not great",1950.0,2400.0,2150.0,0.0,0.0,1.0,1.0,1.0,1.0,1.0,1.0,1.0,1.0,1.0,1.0,1.0,1.0,1.0,1.0,1.0
619,190612025,1.1636,,D,"repeat, better?",1950.0,2400.0,2150.0,0.0,0.0,1.0,1.0,1.0,1.0,1.0,1.0,1.0,1.0,1.0,1.0,1.0,1.0,1.0,1.0,1.0
620,190612026,1.6126,,D,scrubbed,1950.0,2400.0,2150.0,0.0,0.0,1.0,1.0,1.0,1.0,1.0,1.0,1.0,1.0,1.0,1.0,1.0,1.0,1.0,1.0,1.0
621,190612027,1.6126,,D,highest Itor time,1950.0,2400.0,2150.0,0.0,0.0,1.0,1.0,1.0,1.0,1.0,1.0,1.0,1.0,1.0,1.0,1.0,1.0,1.0,1.0,1.0
622,190613005,1.6126,,V,vacuum - trouble on poly4_2 and 4_4,1950.0,2400.0,2150.0,0.0,0.0,1.0,1.0,1.0,1.0,1.0,1.0,1.0,1.0,1.0,1.0,1.0,1.0,1.0,1.0,1.0
623,190613006,1.6126,,V,repeat - better,1950.0,2400.0,2150.0,0.0,0.0,1.0,1.0,1.0,1.0,1.0,1.0,1.0,1.0,1.0,1.0,1.0,1.0,1.0,1.0,1.0
624,190613007,1.6126,,D,low power deuterium - okay,1950.0,2400.0,2150.0,0.0,0.0,1.0,1.0,1.0,1.0,1.0,1.0,1.0,1.0,1.0,1.0,1.0,1.0,1.0,1.0,1.0
625,190613008,1.6126,,D,higher power - poly 4 issues,1950.0,2400.0,2150.0,0.0,0.0,1.0,1.0,1.0,1.0,1.0,1.0,1.0,1.0,1.0,1.0,1.0,1.0,1.0,1.0,1.0
626,190613009,1.6126,,D,repeat - better,1950.0,2400.0,2150.0,0.0,0.0,1.0,1.0,1.0,1.0,1.0,1.0,1.0,1.0,1.0,1.0,1.0,1.0,1.0,1.0,1.0
627,190613010,0.8474,,D,scan timepoint 1 - negative itor,1950.0,2400.0,2150.0,0.0,0.0,1.0,1.0,1.0,1.0,1.0,1.0,1.0,1.0,1.0,1.0,1.0,1.0,1.0,1.0,1.0
628,190613011,0.8474,,D,"scan timepoint 1 repeat, negative itor",1950.0,2400.0,2150.0,0.0,0.0,1.0,1.0,1.0,1.0,1.0,1.0,1.0,1.0,1.0,1.0,1.0,1.0,1.0,1.0,1.0
629,190613012,2.1403,,D,"decay timepoint - channel 4 screwed up, negative itor",1950.0,2400.0,2150.0,0.0,0.0,1.0,1.0,1.0,1.0,1.0,1.0,1.0,1.0,1.0,1.0,1.0,1.0,1.0,1.0,1.0
630,190613013,2.1403,,D,"decay timepoint repeat, positive shot",1950.0,2400.0,2150.0,0.0,0.0,1.0,1.0,1.0,1.0,1.0,1.0,1.0,1.0,1.0,1.0,1.0,1.0,1.0,1.0,1.0
631,190613014,2.1403,,D,"A4 VCE fault, vacuum shot",1950.0,2400.0,2150.0,0.0,0.0,1.0,1.0,1.0,1.0,1.0,1.0,1.0,1.0,1.0,1.0,1.0,1.0,1.0,1.0,1.0
632,190613015,2.1403,,D,repeat - good,1950.0,2400.0,2150.0,0.0,0.0,1.0,1.0,1.0,1.0,1.0,1.0,1.0,1.0,1.0,1.0,1.0,1.0,1.0,1.0,1.0
633,190613016,2.1403,,D,repeat - good,1950.0,2400.0,2150.0,0.0,0.0,1.0,1.0,1.0,1.0,1.0,1.0,1.0,1.0,1.0,1.0,1.0,1.0,1.0,1.0,1.0
634,190613017,2.1403,,D,repeat - good,1950.0,2400.0,2150.0,0.0,0.0,1.0,1.0,1.0,1.0,1.0,1.0,1.0,1.0,1.0,1.0,1.0,1.0,1.0,1.0,1.0
635,190613018,2.1403,,D,repeat - good,1950.0,2400.0,2150.0,0.0,0.0,1.0,1.0,1.0,1.0,1.0,1.0,1.0,1.0,1.0,1.0,1.0,1.0,1.0,1.0,1.0
636,190613019,0.9798,,D,"repeat - fault but good, positive itor",1950.0,2400.0,2150.0,0.0,0.0,1.0,1.0,1.0,1.0,1.0,1.0,1.0,1.0,1.0,1.0,1.0,1.0,1.0,1.0,1.0
637,190613020,0.9798,,D,"repeat - fault but good, positive itor",1950.0,2400.0,2150.0,0.0,0.0,1.0,1.0,1.0,1.0,1.0,1.0,1.0,1.0,1.0,1.0,1.0,1.0,1.0,1.0,1.0
638,190613021,1.1632,,D,saturations on 4,1950.0,2400.0,2150.0,0.0,0.0,1.0,1.0,1.0,1.0,1.0,1.0,1.0,1.0,1.0,1.0,1.0,1.0,1.0,1.0,1.0
639,190613022,1.1632,,D,alright,1950.0,2400.0,2150.0,0.0,0.0,1.0,1.0,1.0,1.0,1.0,1.0,1.0,1.0,1.0,1.0,1.0,1.0,1.0,1.0,1.0
640,190619005,1.1632,,He,,1950.0,2400.0,2150.0,0.0,0.0,1.0,1.0,1.0,1.0,1.0,1.0,1.0,1.0,1.0,1.0,1.0,1.0,1.0,1.0,1.0
641,190619006,1.1632,,V,vacuum shot,1950.0,2400.0,2150.0,0.0,0.0,1.0,1.0,1.0,1.0,1.0,1.0,1.0,1.0,1.0,1.0,1.0,1.0,1.0,1.0,1.0
642,190619007,1.1632,,V,laser OFF,1950.0,2400.0,2150.0,0.0,0.0,1.0,1.0,1.0,1.0,1.0,1.0,1.0,1.0,1.0,1.0,1.0,1.0,1.0,1.0,1.0
643,190619008,1.1632,,V,laser OFF,1950.0,2400.0,2150.0,0.0,0.0,1.0,1.0,1.0,1.0,1.0,1.0,1.0,1.0,1.0,1.0,1.0,1.0,1.0,1.0,1.0
644,190619009,1.1632,,V,laser OFF,1950.0,2400.0,2150.0,0.0,0.0,1.0,1.0,1.0,1.0,1.0,1.0,1.0,1.0,1.0,1.0,1.0,1.0,1.0,1.0,1.0
645,190619010,1.1632,,D,okay,1950.0,2400.0,2150.0,0.0,0.0,1.0,1.0,1.0,1.0,1.0,1.0,1.0,1.0,1.0,1.0,1.0,1.0,1.0,1.0,1.0
646,190619011,1.1632,,V,laser OFF,1950.0,2400.0,2150.0,0.0,0.0,1.0,1.0,1.0,1.0,1.0,1.0,1.0,1.0,1.0,1.0,1.0,1.0,1.0,1.0,1.0
647,190619012,1.1632,,V,laser OFF,1950.0,2400.0,2150.0,0.0,0.0,1.0,1.0,1.0,1.0,1.0,1.0,1.0,1.0,1.0,1.0,1.0,1.0,1.0,1.0,1.0
648,190619013,0.58,,D,pretty good! - negative itor,1950.0,2400.0,2150.0,0.0,0.0,1.0,1.0,1.0,1.0,1.0,1.0,1.0,1.0,1.0,1.0,1.0,1.0,1.0,1.0,1.0
649,190619014,0.58,,D,repeat - less good! (less dense?),1950.0,2400.0,2150.0,0.0,0.0,1.0,1.0,1.0,1.0,1.0,1.0,1.0,1.0,1.0,1.0,1.0,1.0,1.0,1.0,1.0
650,190619015,0.723,,D,fault - vacuum shot?,1950.0,2400.0,2150.0,0.0,0.0,1.0,1.0,1.0,1.0,1.0,1.0,1.0,1.0,1.0,1.0,1.0,1.0,1.0,1.0,1.0
651,190619016,0.723,,D,laser looks bad - check pockels cell,1950.0,2400.0,2150.0,0.0,0.0,1.0,1.0,1.0,1.0,1.0,1.0,1.0,1.0,1.0,1.0,1.0,1.0,1.0,1.0,1.0
652,190624003,0.723,,V,"Raman calibration in Nitrogen, base pressure, osc. tuning shot",1950.0,2400.0,2150.0,0.0,0.0,1.0,1.0,1.0,1.0,1.0,1.0,1.0,1.0,1.0,1.0,1.0,1.0,1.0,1.0,1.0
653,190624004,0.723,,V,"Raman calibration in Nitrogen, base pressure, osc. tuning shot",1950.0,2400.0,2150.0,0.0,0.0,1.0,1.0,1.0,1.0,1.0,1.0,1.0,1.0,1.0,1.0,1.0,1.0,1.0,1.0,1.0
654,190624005,0.723,,V,"Raman calibration in Nitrogen, base pressure, osc. tuning shot",1950.0,2400.0,2150.0,0.0,0.0,1.0,1.0,1.0,1.0,1.0,1.0,1.0,1.0,1.0,1.0,1.0,1.0,1.0,1.0,1.0
655,190624006,0.723,,V,"Raman calibration in Nitrogen, base pressure, osc. tuning shot",1950.0,2400.0,2150.0,0.0,0.0,1.0,1.0,1.0,1.0,1.0,1.0,1.0,1.0,1.0,1.0,1.0,1.0,1.0,1.0,1.0
656,190624007,0.723,,V,"Raman calibration in Nitrogen, base pressure, strange (low power) laser pulse",1950.0,2400.0,2150.0,0.0,0.0,1.0,1.0,1.0,1.0,1.0,1.0,1.0,1.0,1.0,1.0,1.0,1.0,1.0,1.0,1.0
657,190624008,0.723,,V,"Raman calibration in Nitrogen, base pressure, good",1950.0,2400.0,2150.0,0.0,0.0,1.0,1.0,1.0,1.0,1.0,1.0,1.0,1.0,1.0,1.0,1.0,1.0,1.0,1.0,1.0
658,190624009,0.723,,V,"Raman calibration in Nitrogen, base pressure, WEIRD",1950.0,2400.0,2150.0,0.0,0.0,1.0,1.0,1.0,1.0,1.0,1.0,1.0,1.0,1.0,1.0,1.0,1.0,1.0,1.0,1.0
659,190624010,0.723,,V,"Raman calibration in Nitrogen, base pressure, WEIRD",1950.0,2400.0,2150.0,0.0,0.0,1.0,1.0,1.0,1.0,1.0,1.0,1.0,1.0,1.0,1.0,1.0,1.0,1.0,1.0,1.0
660,190624011,0.723,,V,"Raman calibration in Nitrogen, base pressure, WEIRD",1950.0,2400.0,2150.0,0.0,0.0,1.0,1.0,1.0,1.0,1.0,1.0,1.0,1.0,1.0,1.0,1.0,1.0,1.0,1.0,1.0
661,190624012,0.723,,V,"Raman calibration in Nitrogen, base pressure, WEIRD",2000.0,2400.0,2150.0,0.0,0.0,1.0,1.0,1.0,1.0,1.0,1.0,1.0,1.0,1.0,1.0,1.0,1.0,1.0,1.0,1.0
662,190624013,0.723,,V,"Raman calibration in Nitrogen, base pressure, WEIRD",2050.0,2400.0,2150.0,0.0,0.0,1.0,1.0,1.0,1.0,1.0,1.0,1.0,1.0,1.0,1.0,1.0,1.0,1.0,1.0,1.0
663,190625002,0.723,,V,test shot. bad,2200.0,2400.0,2150.0,0.0,0.0,1.0,1.0,1.0,1.0,1.0,1.0,1.0,1.0,1.0,1.0,1.0,1.0,1.0,1.0,1.0
664,190625003,0.723,,V,test shot. bad,2300.0,2400.0,2150.0,0.0,0.0,1.0,1.0,1.0,1.0,1.0,1.0,1.0,1.0,1.0,1.0,1.0,1.0,1.0,1.0,1.0
